#
# TABLE STRUCTURE FOR: comments
#

CREATE DATABASE `VK`;
USE `VK`;

DROP TABLE IF EXISTS `comments`;

CREATE TABLE `comments` (
  `id` bigint(20) unsigned NOT NULL AUTO_INCREMENT,
  `user_id` bigint(20) unsigned NOT NULL,
  `post_id` bigint(20) unsigned NOT NULL,
  `body` text COLLATE utf8_unicode_ci DEFAULT NULL,
  `created_at` datetime DEFAULT current_timestamp(),
  `updated_at` datetime DEFAULT current_timestamp() ON UPDATE current_timestamp(),
  PRIMARY KEY (`id`),
  KEY `user_id` (`user_id`),
  KEY `post_id` (`post_id`),
  CONSTRAINT `comments_ibfk_1` FOREIGN KEY (`user_id`) REFERENCES `users` (`id`),
  CONSTRAINT `comments_ibfk_2` FOREIGN KEY (`post_id`) REFERENCES `posts` (`id`)
) ENGINE=InnoDB AUTO_INCREMENT=101 DEFAULT CHARSET=utf8 COLLATE=utf8_unicode_ci;

INSERT INTO `comments` (`id`, `user_id`, `post_id`, `body`, `created_at`, `updated_at`) VALUES ('1', '1', '1', 'Vel laudantium at sit distinctio. Aut est cupiditate totam eligendi. Et voluptas totam veritatis.', '1992-09-21 20:49:56', '2018-09-09 06:45:16');
INSERT INTO `comments` (`id`, `user_id`, `post_id`, `body`, `created_at`, `updated_at`) VALUES ('2', '2', '2', 'Minus unde facere nostrum nesciunt consequatur. Temporibus velit debitis consequatur rem voluptates. Nemo et recusandae mollitia excepturi rerum nesciunt.', '1997-01-19 22:52:09', '2002-12-06 08:08:44');
INSERT INTO `comments` (`id`, `user_id`, `post_id`, `body`, `created_at`, `updated_at`) VALUES ('3', '3', '3', 'Quam enim culpa recusandae inventore. Est officiis ut sit excepturi. Culpa sed dolorum porro praesentium consequatur ad iste. Est sint tempora sequi ut voluptatem qui eos. Soluta minus et nisi autem nulla.', '1974-07-16 18:06:43', '2011-06-01 21:53:59');
INSERT INTO `comments` (`id`, `user_id`, `post_id`, `body`, `created_at`, `updated_at`) VALUES ('4', '4', '4', 'Quia velit aut aspernatur voluptatem nesciunt ducimus commodi. Unde vero et ab vitae.', '1998-02-15 08:53:12', '2001-02-12 03:07:58');
INSERT INTO `comments` (`id`, `user_id`, `post_id`, `body`, `created_at`, `updated_at`) VALUES ('5', '5', '5', 'Non excepturi et vero ut itaque et. Vitae eum necessitatibus aspernatur laudantium modi. Unde cum sit ut saepe. Consectetur facilis voluptatem dolor vero.', '2001-01-25 05:26:46', '2001-12-04 15:14:45');
INSERT INTO `comments` (`id`, `user_id`, `post_id`, `body`, `created_at`, `updated_at`) VALUES ('6', '6', '6', 'Esse velit animi doloremque. Autem occaecati velit molestiae tenetur. Ea harum vel et odit dignissimos. Enim perspiciatis sunt libero excepturi omnis.', '1970-11-03 12:11:10', '1987-05-18 00:24:01');
INSERT INTO `comments` (`id`, `user_id`, `post_id`, `body`, `created_at`, `updated_at`) VALUES ('7', '7', '7', 'Eum dolorem et laudantium inventore accusamus quisquam ratione. Non ipsum laborum libero odio. Aut debitis dolor voluptas debitis. In cum veniam sit et quia iste distinctio.', '2001-10-05 22:07:22', '1971-04-12 12:39:37');
INSERT INTO `comments` (`id`, `user_id`, `post_id`, `body`, `created_at`, `updated_at`) VALUES ('8', '8', '8', 'Voluptatem non minima id qui amet deserunt. Debitis qui nostrum accusamus ut molestiae. At voluptates minus et qui non qui perferendis reiciendis. Asperiores vel inventore qui error.', '2008-08-06 07:37:36', '1980-01-02 10:54:10');
INSERT INTO `comments` (`id`, `user_id`, `post_id`, `body`, `created_at`, `updated_at`) VALUES ('9', '9', '9', 'Aut magni nihil molestias ullam. Non tempore aut incidunt sed est quo nostrum. Qui nihil ducimus iusto quo consequuntur quae est. Eligendi aut eum quia qui soluta.', '1971-12-14 18:41:28', '1998-04-26 15:37:29');
INSERT INTO `comments` (`id`, `user_id`, `post_id`, `body`, `created_at`, `updated_at`) VALUES ('10', '10', '10', 'Dolor porro similique repudiandae a sit necessitatibus. Voluptatum qui suscipit unde. Voluptate repellat quis similique consectetur soluta. Ipsum dolor ut quam perspiciatis et.', '1998-05-08 22:25:39', '2009-12-29 00:45:21');
INSERT INTO `comments` (`id`, `user_id`, `post_id`, `body`, `created_at`, `updated_at`) VALUES ('11', '11', '11', 'Aspernatur aperiam porro sunt sequi delectus. Delectus rerum occaecati corporis quo molestiae suscipit similique aut. Facilis nulla fugit cum quas et ab neque voluptatem. Culpa enim quaerat in aut recusandae alias.', '2011-02-27 01:36:57', '1977-10-24 07:25:00');
INSERT INTO `comments` (`id`, `user_id`, `post_id`, `body`, `created_at`, `updated_at`) VALUES ('12', '12', '12', 'Rerum soluta error corrupti ex. Qui magnam deserunt qui dolores ut magni. Tempore repellat non porro numquam assumenda odit et. Molestiae pariatur consequatur ut ut necessitatibus dolore esse.', '2020-03-29 17:55:50', '1983-08-04 19:32:53');
INSERT INTO `comments` (`id`, `user_id`, `post_id`, `body`, `created_at`, `updated_at`) VALUES ('13', '13', '13', 'Cupiditate saepe commodi doloribus laboriosam in est minima. Beatae voluptatum quisquam eveniet sunt molestiae alias et.', '1977-01-10 15:58:44', '1971-07-06 09:40:49');
INSERT INTO `comments` (`id`, `user_id`, `post_id`, `body`, `created_at`, `updated_at`) VALUES ('14', '14', '14', 'Rerum aspernatur quaerat reprehenderit fugit sed qui et. Beatae enim quisquam aut eaque occaecati. Quidem repellat quia non minus quidem quia. Reiciendis sed doloremque et ut quos.', '1987-09-12 04:30:18', '1992-12-02 07:58:12');
INSERT INTO `comments` (`id`, `user_id`, `post_id`, `body`, `created_at`, `updated_at`) VALUES ('15', '15', '15', 'A quae quia reprehenderit culpa non. Libero et odit tenetur sed. Adipisci quo quo qui est sed facere corrupti. Vero praesentium corrupti ut incidunt sed voluptatem.', '1990-08-18 19:18:53', '1994-04-19 18:22:04');
INSERT INTO `comments` (`id`, `user_id`, `post_id`, `body`, `created_at`, `updated_at`) VALUES ('16', '16', '16', 'Perspiciatis natus cupiditate ut assumenda aut laudantium. Asperiores non non qui non. Sapiente deserunt alias ducimus nesciunt. Iure ut ipsum ut explicabo quaerat impedit.', '2014-11-07 02:53:54', '1981-05-02 22:25:37');
INSERT INTO `comments` (`id`, `user_id`, `post_id`, `body`, `created_at`, `updated_at`) VALUES ('17', '17', '17', 'Repudiandae sed assumenda beatae quibusdam mollitia distinctio aperiam. Eius sequi tempore consequatur nihil magnam ratione. Tenetur repellat expedita nemo perspiciatis consectetur cumque.', '1998-11-13 09:33:22', '1992-11-19 08:45:00');
INSERT INTO `comments` (`id`, `user_id`, `post_id`, `body`, `created_at`, `updated_at`) VALUES ('18', '18', '18', 'Accusamus ad eum quibusdam eos rem. Aliquid non debitis eligendi alias eos delectus id. Fugiat aut reprehenderit et debitis nostrum sit et.', '2002-04-29 19:47:09', '1975-07-29 17:51:02');
INSERT INTO `comments` (`id`, `user_id`, `post_id`, `body`, `created_at`, `updated_at`) VALUES ('19', '19', '19', 'Consequatur totam itaque reprehenderit eos occaecati repellendus. Ipsam illum cupiditate ut totam tempore nesciunt. Incidunt consequuntur optio ullam neque voluptatem quia et qui. Suscipit quis consectetur veniam et quia.', '1972-12-18 21:17:35', '1975-08-16 11:57:38');
INSERT INTO `comments` (`id`, `user_id`, `post_id`, `body`, `created_at`, `updated_at`) VALUES ('20', '20', '20', 'Praesentium itaque est nam amet placeat soluta sit. Consequatur eum unde perferendis. Omnis ducimus suscipit cum id.', '1985-08-22 12:47:06', '2009-01-15 00:21:24');
INSERT INTO `comments` (`id`, `user_id`, `post_id`, `body`, `created_at`, `updated_at`) VALUES ('21', '21', '21', 'Aut iste consectetur atque sit. Ullam est quo corrupti ut est consequuntur sed.', '2006-06-10 03:37:27', '2002-09-19 13:43:18');
INSERT INTO `comments` (`id`, `user_id`, `post_id`, `body`, `created_at`, `updated_at`) VALUES ('22', '22', '22', 'Corrupti laboriosam vitae quisquam autem. Ut laudantium sed at ea optio accusantium. Voluptas perferendis quia consectetur at molestias rerum et. Aut modi repellendus ratione quisquam.', '1991-02-18 20:39:42', '1997-02-03 13:43:03');
INSERT INTO `comments` (`id`, `user_id`, `post_id`, `body`, `created_at`, `updated_at`) VALUES ('23', '23', '23', 'At eum sint amet distinctio cum perferendis voluptates. Et dolorem qui minus nisi delectus nihil assumenda.', '2015-12-10 08:27:50', '1975-11-29 03:10:36');
INSERT INTO `comments` (`id`, `user_id`, `post_id`, `body`, `created_at`, `updated_at`) VALUES ('24', '24', '24', 'Totam tempora quos repellat accusamus explicabo. Aut consequatur iste et adipisci natus rem. Error beatae doloremque id qui voluptate laborum est.', '2000-09-07 10:49:14', '2012-10-13 10:15:11');
INSERT INTO `comments` (`id`, `user_id`, `post_id`, `body`, `created_at`, `updated_at`) VALUES ('25', '25', '25', 'Temporibus consequatur et vero deleniti. Aliquid et quia enim non voluptatem.', '1979-08-28 01:54:01', '2000-08-23 20:43:41');
INSERT INTO `comments` (`id`, `user_id`, `post_id`, `body`, `created_at`, `updated_at`) VALUES ('26', '26', '26', 'Earum vel enim architecto at et. Neque voluptates veniam magni quisquam deleniti.', '2004-05-30 10:22:42', '2010-12-25 02:01:44');
INSERT INTO `comments` (`id`, `user_id`, `post_id`, `body`, `created_at`, `updated_at`) VALUES ('27', '27', '27', 'Magnam delectus minus inventore. Vel ut eaque veritatis id et rerum id. Ducimus beatae soluta consequuntur praesentium qui dolores. Quas error occaecati beatae minima.', '1996-07-23 05:00:04', '1975-05-16 11:22:29');
INSERT INTO `comments` (`id`, `user_id`, `post_id`, `body`, `created_at`, `updated_at`) VALUES ('28', '28', '28', 'Debitis ea cupiditate facere accusamus distinctio. Perferendis voluptatibus rerum quia modi laborum est. Voluptatem laboriosam dolor voluptatibus excepturi. Totam consequatur non molestiae aut voluptatibus perspiciatis.', '2016-04-24 05:18:44', '1999-03-03 06:55:08');
INSERT INTO `comments` (`id`, `user_id`, `post_id`, `body`, `created_at`, `updated_at`) VALUES ('29', '29', '29', 'Et qui laboriosam porro blanditiis aut nihil quod. Minima amet quibusdam nulla sed aut corrupti labore neque. Pariatur cupiditate saepe voluptatem dicta minus.', '1991-01-12 15:21:44', '1996-08-14 14:31:24');
INSERT INTO `comments` (`id`, `user_id`, `post_id`, `body`, `created_at`, `updated_at`) VALUES ('30', '30', '30', 'Id sequi eum numquam dolorem quam qui. Eos nam in necessitatibus. Saepe qui fugit consequatur. Voluptas ut ad fuga reiciendis provident suscipit hic.', '1978-03-07 22:40:41', '1999-09-29 18:02:47');
INSERT INTO `comments` (`id`, `user_id`, `post_id`, `body`, `created_at`, `updated_at`) VALUES ('31', '31', '31', 'Provident vero culpa optio minus unde debitis. Tempora aliquid est dignissimos et nihil deserunt veniam. Expedita tenetur sed enim libero omnis cumque ut. Enim et laboriosam et laboriosam.', '1989-01-14 10:53:26', '1970-12-21 20:16:45');
INSERT INTO `comments` (`id`, `user_id`, `post_id`, `body`, `created_at`, `updated_at`) VALUES ('32', '32', '32', 'Temporibus voluptates tenetur ipsa qui et in id. Rerum perspiciatis incidunt omnis quisquam ullam. Eveniet quas corporis sint autem.', '1982-01-12 09:37:03', '1989-11-18 05:22:10');
INSERT INTO `comments` (`id`, `user_id`, `post_id`, `body`, `created_at`, `updated_at`) VALUES ('33', '33', '33', 'Voluptatem est quisquam est eos et. Exercitationem vitae molestiae sunt quia eum modi. A dolorem et cum. Vel corrupti et tempora deleniti.', '1990-01-24 07:11:53', '1981-10-16 17:40:38');
INSERT INTO `comments` (`id`, `user_id`, `post_id`, `body`, `created_at`, `updated_at`) VALUES ('34', '34', '34', 'Ea id minima nisi ipsam. Rerum temporibus commodi eaque neque dolorem. Rerum mollitia qui odio voluptas. Autem nostrum optio voluptates voluptas.', '1988-02-05 23:42:54', '1979-12-02 10:36:45');
INSERT INTO `comments` (`id`, `user_id`, `post_id`, `body`, `created_at`, `updated_at`) VALUES ('35', '35', '35', 'Qui animi autem nulla ut. Adipisci sit et iure ea necessitatibus. Distinctio cumque sint eius veritatis tempore dolorem delectus.', '1993-09-26 09:12:15', '2012-02-28 18:52:14');
INSERT INTO `comments` (`id`, `user_id`, `post_id`, `body`, `created_at`, `updated_at`) VALUES ('36', '36', '36', 'Esse soluta at harum. Error libero quos ratione alias qui doloribus. Deleniti voluptatem praesentium ullam animi alias sapiente.', '2014-01-06 18:11:50', '1997-01-26 05:15:57');
INSERT INTO `comments` (`id`, `user_id`, `post_id`, `body`, `created_at`, `updated_at`) VALUES ('37', '37', '37', 'In debitis quisquam quos sed. Et inventore quibusdam esse ea et eius qui. Quo soluta aspernatur voluptatem animi.', '2001-04-04 09:26:48', '2018-09-16 00:09:53');
INSERT INTO `comments` (`id`, `user_id`, `post_id`, `body`, `created_at`, `updated_at`) VALUES ('38', '38', '38', 'Optio architecto adipisci illo placeat ut velit optio. Aut et et omnis.', '1994-06-15 12:49:24', '2004-01-07 09:15:13');
INSERT INTO `comments` (`id`, `user_id`, `post_id`, `body`, `created_at`, `updated_at`) VALUES ('39', '39', '39', 'Aut voluptas ipsam iste rerum vel. Delectus occaecati et perspiciatis occaecati ut officia blanditiis. Earum error nisi totam et omnis. Maiores omnis autem ut et. Aliquam tenetur fugiat ipsam non sed possimus deleniti aliquid.', '1980-11-22 01:31:11', '1979-12-05 16:42:51');
INSERT INTO `comments` (`id`, `user_id`, `post_id`, `body`, `created_at`, `updated_at`) VALUES ('40', '40', '40', 'Quidem error facilis ullam et. Et voluptate sint qui voluptates consequatur. Voluptatibus itaque ut odit enim possimus dolor totam. Voluptates cum qui doloremque tempora velit quasi quia. Ratione optio eos provident voluptates laudantium porro.', '2014-07-23 22:25:26', '1986-05-03 01:53:22');
INSERT INTO `comments` (`id`, `user_id`, `post_id`, `body`, `created_at`, `updated_at`) VALUES ('41', '41', '41', 'In quisquam aut reprehenderit et architecto adipisci ab. Non aperiam ut reiciendis numquam qui. Consectetur sit eius quos in quod autem sed. Perferendis totam omnis sit nihil exercitationem aut ex.', '1977-06-19 04:22:45', '1989-12-29 20:39:58');
INSERT INTO `comments` (`id`, `user_id`, `post_id`, `body`, `created_at`, `updated_at`) VALUES ('42', '42', '42', 'Velit libero omnis exercitationem a aut eaque. Dolorem quos ut eveniet harum. Deleniti iusto et delectus molestias vitae.', '1983-10-08 05:34:21', '2009-01-02 17:00:14');
INSERT INTO `comments` (`id`, `user_id`, `post_id`, `body`, `created_at`, `updated_at`) VALUES ('43', '43', '43', 'Sequi consequatur id quae eos. Ut ea voluptas quo et et commodi ab. Temporibus alias magni voluptates.', '2018-01-02 12:39:12', '1975-03-10 03:12:49');
INSERT INTO `comments` (`id`, `user_id`, `post_id`, `body`, `created_at`, `updated_at`) VALUES ('44', '44', '44', 'Amet quis eveniet quos sequi autem. Suscipit eius ducimus amet reiciendis autem in. Qui consectetur consequatur distinctio molestiae sed.', '1989-06-10 11:35:45', '2004-02-03 01:43:59');
INSERT INTO `comments` (`id`, `user_id`, `post_id`, `body`, `created_at`, `updated_at`) VALUES ('45', '45', '45', 'Veritatis quae vel qui laborum delectus est. Commodi quidem asperiores magnam quis. Et quo delectus harum odit.', '1973-03-21 14:38:25', '2016-02-19 08:09:49');
INSERT INTO `comments` (`id`, `user_id`, `post_id`, `body`, `created_at`, `updated_at`) VALUES ('46', '46', '46', 'Tempore voluptatibus est a et dolorum eum. Impedit id ab qui dolore sunt. Expedita commodi quos odit voluptas architecto sunt.', '1977-03-07 14:22:04', '2000-07-31 11:09:38');
INSERT INTO `comments` (`id`, `user_id`, `post_id`, `body`, `created_at`, `updated_at`) VALUES ('47', '47', '47', 'Et fuga fuga tempore sint rerum. Quia fuga est consequatur illum nihil deserunt quo. Voluptates cum in voluptate sed blanditiis. Adipisci omnis vitae quam labore asperiores molestiae atque autem.', '2017-04-06 15:40:18', '1991-06-28 04:04:22');
INSERT INTO `comments` (`id`, `user_id`, `post_id`, `body`, `created_at`, `updated_at`) VALUES ('48', '48', '48', 'Numquam enim odio voluptas accusamus officia id. Dolor nihil consequatur maxime.', '1973-09-18 12:48:41', '1978-03-25 03:08:55');
INSERT INTO `comments` (`id`, `user_id`, `post_id`, `body`, `created_at`, `updated_at`) VALUES ('49', '49', '49', 'Iure voluptatum laboriosam suscipit odit est. Enim rerum minus in illum. Quia nam perspiciatis ea harum. Exercitationem dignissimos quis optio magnam asperiores.', '1987-08-02 15:22:24', '1988-11-02 05:52:16');
INSERT INTO `comments` (`id`, `user_id`, `post_id`, `body`, `created_at`, `updated_at`) VALUES ('50', '50', '50', 'Repellat et id dolore nobis quod esse deserunt. Non quo qui neque eos amet. Corrupti enim ex omnis laudantium provident ea. Maiores corrupti iure aspernatur eum autem quaerat. Aut quae et recusandae eius recusandae quas.', '1978-12-11 12:22:50', '2002-01-16 10:33:29');
INSERT INTO `comments` (`id`, `user_id`, `post_id`, `body`, `created_at`, `updated_at`) VALUES ('51', '51', '51', 'Explicabo reprehenderit maiores aut repellat exercitationem incidunt et. Ex aut sunt dolores eos. Consequatur voluptas sit animi magnam. Aut et voluptatem suscipit.', '1973-11-11 18:05:39', '1979-08-17 06:20:28');
INSERT INTO `comments` (`id`, `user_id`, `post_id`, `body`, `created_at`, `updated_at`) VALUES ('52', '52', '52', 'Fuga excepturi sint debitis voluptatibus. Aut dolores dolorum et autem consectetur. Aut est a similique quia quaerat.', '1971-11-12 16:04:58', '1998-08-16 05:26:33');
INSERT INTO `comments` (`id`, `user_id`, `post_id`, `body`, `created_at`, `updated_at`) VALUES ('53', '53', '53', 'Incidunt reprehenderit voluptatem non laudantium maxime et aut. Molestias voluptate eius tenetur cumque. Nisi alias ab consequatur veniam. Aliquam laudantium quod ut eos porro.', '2015-03-24 09:08:38', '1986-04-14 14:27:16');
INSERT INTO `comments` (`id`, `user_id`, `post_id`, `body`, `created_at`, `updated_at`) VALUES ('54', '54', '54', 'Inventore quia vero similique. Debitis sapiente ut qui qui aut tempora optio. Voluptatem sunt quaerat tempora ex est nam. Recusandae nostrum non doloribus aperiam aut.', '1983-08-20 15:52:41', '1993-12-18 09:04:46');
INSERT INTO `comments` (`id`, `user_id`, `post_id`, `body`, `created_at`, `updated_at`) VALUES ('55', '55', '55', 'Atque fugiat deleniti et quia incidunt neque. Eum rerum consequatur cum voluptates eum. Magnam cum sit animi ut consequatur voluptatem quae. Nisi iusto aut quibusdam fuga.', '1997-03-09 07:28:09', '1983-06-30 03:53:36');
INSERT INTO `comments` (`id`, `user_id`, `post_id`, `body`, `created_at`, `updated_at`) VALUES ('56', '56', '56', 'Dicta necessitatibus aut reiciendis doloribus deserunt. Suscipit blanditiis quod ut eligendi. Sint nemo similique id omnis. Sunt molestiae magni ut asperiores quae nemo aperiam et.', '1985-10-21 10:20:02', '2016-11-17 17:16:44');
INSERT INTO `comments` (`id`, `user_id`, `post_id`, `body`, `created_at`, `updated_at`) VALUES ('57', '57', '57', 'Aliquid non omnis adipisci rerum soluta optio vitae. Voluptatem voluptate commodi reiciendis necessitatibus non ipsam vitae. Ex est recusandae eos. Voluptate cupiditate libero facere ipsum.', '1988-03-07 05:44:21', '2010-10-10 20:53:18');
INSERT INTO `comments` (`id`, `user_id`, `post_id`, `body`, `created_at`, `updated_at`) VALUES ('58', '58', '58', 'Aut iure et in vel nihil repellendus praesentium. Asperiores ex praesentium voluptates quasi animi. Sed sed quos assumenda officia. Et maxime beatae odio voluptatem impedit qui.', '2011-05-24 01:01:36', '2007-05-02 14:10:42');
INSERT INTO `comments` (`id`, `user_id`, `post_id`, `body`, `created_at`, `updated_at`) VALUES ('59', '59', '59', 'Qui velit reprehenderit illo. Laboriosam velit esse et sunt magnam. Consequatur omnis eius eos minus maxime delectus officiis.', '2012-07-04 10:47:06', '2002-03-24 05:45:19');
INSERT INTO `comments` (`id`, `user_id`, `post_id`, `body`, `created_at`, `updated_at`) VALUES ('60', '60', '60', 'Velit qui et ad quis consequuntur. Quasi exercitationem unde sed. Voluptas veniam dolor tempora consequuntur iure. Explicabo aliquam tenetur ratione consequatur incidunt optio facilis.', '1998-07-08 07:06:30', '1973-04-07 14:01:05');
INSERT INTO `comments` (`id`, `user_id`, `post_id`, `body`, `created_at`, `updated_at`) VALUES ('61', '61', '61', 'Qui culpa voluptatem mollitia et voluptatem aut et. Quam recusandae molestiae corrupti eum necessitatibus ex et. Ea quibusdam atque dolorem autem eius facere.', '2012-06-19 10:05:10', '1998-03-22 00:13:36');
INSERT INTO `comments` (`id`, `user_id`, `post_id`, `body`, `created_at`, `updated_at`) VALUES ('62', '62', '62', 'Id aut nisi labore porro corporis saepe non. Harum veritatis doloribus corrupti quam adipisci. Autem recusandae et quo et amet. Non voluptatibus ut reprehenderit asperiores. Ipsa at ut doloremque architecto vero.', '2001-03-16 07:08:32', '2016-12-21 05:15:44');
INSERT INTO `comments` (`id`, `user_id`, `post_id`, `body`, `created_at`, `updated_at`) VALUES ('63', '63', '63', 'Quos laborum odio nobis consequatur consequatur. Necessitatibus qui rem quos non corrupti voluptatem sit ea. Maiores delectus fugit saepe doloribus quis eligendi. Sed veritatis voluptatem dolore quis blanditiis voluptatibus nesciunt quia.', '1982-09-26 11:29:41', '1980-09-19 05:00:31');
INSERT INTO `comments` (`id`, `user_id`, `post_id`, `body`, `created_at`, `updated_at`) VALUES ('64', '64', '64', 'Iste qui in blanditiis ea. Et aperiam ut perferendis ea non voluptatem quis. Cum sit ipsam ut suscipit modi aut.', '2018-12-14 01:58:02', '2002-01-25 01:44:51');
INSERT INTO `comments` (`id`, `user_id`, `post_id`, `body`, `created_at`, `updated_at`) VALUES ('65', '65', '65', 'Atque sint voluptatibus sed quae explicabo. Ut molestiae quis ut eveniet est voluptatibus. Minima consequatur nobis cupiditate pariatur eos consectetur beatae. Est at excepturi sint autem.', '2015-07-28 14:29:24', '1995-11-22 08:14:10');
INSERT INTO `comments` (`id`, `user_id`, `post_id`, `body`, `created_at`, `updated_at`) VALUES ('66', '66', '66', 'Impedit quis quam a quis quam. Id sint quis laborum expedita voluptatem sunt pariatur. Minus voluptate incidunt aperiam nesciunt.', '2000-06-24 08:15:36', '2011-07-24 05:47:29');
INSERT INTO `comments` (`id`, `user_id`, `post_id`, `body`, `created_at`, `updated_at`) VALUES ('67', '67', '67', 'Et impedit non eum ipsa. Omnis iste deserunt voluptatem at minima voluptatem excepturi tempora. Nam dolorem nemo explicabo aut.', '1986-02-15 03:32:33', '2004-04-03 22:17:32');
INSERT INTO `comments` (`id`, `user_id`, `post_id`, `body`, `created_at`, `updated_at`) VALUES ('68', '68', '68', 'Et ipsam nulla nobis perspiciatis quasi consequatur non. Vitae maiores aut soluta voluptate. Ut nesciunt in qui occaecati consequatur nisi. Molestiae omnis aspernatur odit fugit in.', '2006-11-20 06:16:24', '2004-04-08 12:57:40');
INSERT INTO `comments` (`id`, `user_id`, `post_id`, `body`, `created_at`, `updated_at`) VALUES ('69', '69', '69', 'Laudantium vel illo non asperiores animi dolorem id. Debitis dolorem quod magni dolore dolorem dolor numquam. Fuga velit ipsa aliquid eveniet qui odit et. Doloribus aut aut non omnis velit eum impedit.', '2018-01-29 08:34:35', '2012-01-03 08:17:42');
INSERT INTO `comments` (`id`, `user_id`, `post_id`, `body`, `created_at`, `updated_at`) VALUES ('70', '70', '70', 'Quasi alias accusantium sunt. Ea eum fugiat aut ut rerum ut voluptas. Libero non magni esse deserunt. Labore sed earum quasi vero.', '1970-03-10 21:44:52', '1987-12-25 07:29:58');
INSERT INTO `comments` (`id`, `user_id`, `post_id`, `body`, `created_at`, `updated_at`) VALUES ('71', '71', '71', 'Praesentium quis expedita pariatur debitis dolores dolor. Rem unde accusantium tenetur omnis eius fugiat. Quis nisi qui consequuntur aliquam aut nulla nulla.', '2011-05-26 02:59:44', '2014-04-30 15:49:33');
INSERT INTO `comments` (`id`, `user_id`, `post_id`, `body`, `created_at`, `updated_at`) VALUES ('72', '72', '72', 'Reprehenderit laboriosam ut excepturi ut. Est necessitatibus sunt est aut. Optio deserunt sed repellendus tenetur neque quia.', '2014-03-27 14:56:33', '2017-09-27 10:48:13');
INSERT INTO `comments` (`id`, `user_id`, `post_id`, `body`, `created_at`, `updated_at`) VALUES ('73', '73', '73', 'Soluta nulla enim veritatis non. Nisi nihil et enim tenetur. Sit voluptatem excepturi ullam dolorem nemo.', '2017-12-17 20:56:14', '2005-01-03 14:06:52');
INSERT INTO `comments` (`id`, `user_id`, `post_id`, `body`, `created_at`, `updated_at`) VALUES ('74', '74', '74', 'Voluptatem sed sit omnis delectus voluptas quas maiores. Libero ex dicta qui amet omnis facere.', '1987-04-13 20:29:28', '1993-12-14 19:54:38');
INSERT INTO `comments` (`id`, `user_id`, `post_id`, `body`, `created_at`, `updated_at`) VALUES ('75', '75', '75', 'Ab qui nihil blanditiis non expedita minima fugit id. At est est totam pariatur perspiciatis doloremque. Rerum et saepe minima quod. Enim nisi quis ad similique est atque voluptate.', '2005-07-15 21:02:42', '1974-11-07 16:49:53');
INSERT INTO `comments` (`id`, `user_id`, `post_id`, `body`, `created_at`, `updated_at`) VALUES ('76', '76', '76', 'Officiis autem est sed. Voluptatem qui vel laboriosam nulla voluptas. Quasi explicabo facilis minus ad aspernatur. Nihil eveniet eos magnam praesentium ab quae natus.', '1986-04-28 23:45:55', '2001-02-27 22:13:09');
INSERT INTO `comments` (`id`, `user_id`, `post_id`, `body`, `created_at`, `updated_at`) VALUES ('77', '77', '77', 'Assumenda perferendis inventore quidem aut numquam cumque. Ex est ipsum alias et odit dolores. Aut animi rerum pariatur sunt dolore id mollitia.', '2009-12-27 22:44:45', '2018-06-16 04:56:35');
INSERT INTO `comments` (`id`, `user_id`, `post_id`, `body`, `created_at`, `updated_at`) VALUES ('78', '78', '78', 'Commodi perferendis eum et perspiciatis sequi itaque voluptatem. Sequi aut neque iure tenetur sit sed non. Aut magnam ea voluptatem. Libero et rerum itaque. Voluptatem earum non veniam architecto molestiae qui.', '1996-08-18 06:20:34', '2009-07-06 06:57:26');
INSERT INTO `comments` (`id`, `user_id`, `post_id`, `body`, `created_at`, `updated_at`) VALUES ('79', '79', '79', 'At recusandae minus omnis delectus cum quaerat. Eaque eos omnis repellendus quis delectus. Dolor et dolor debitis labore ut animi accusantium. Consequatur quia reprehenderit odio consequuntur.', '2019-02-27 17:34:37', '2020-05-05 06:10:46');
INSERT INTO `comments` (`id`, `user_id`, `post_id`, `body`, `created_at`, `updated_at`) VALUES ('80', '80', '80', 'Est molestias non aut ipsam tempore consequatur. Qui odit perspiciatis reprehenderit natus. Exercitationem aliquid blanditiis dolores quo eius. Sed ad omnis dignissimos repudiandae.', '1985-09-11 18:36:02', '1972-10-13 02:31:11');
INSERT INTO `comments` (`id`, `user_id`, `post_id`, `body`, `created_at`, `updated_at`) VALUES ('81', '81', '81', 'Perspiciatis cum itaque nemo aspernatur. Occaecati non vel animi enim molestias ipsam laboriosam vel. Aperiam quos hic fugiat culpa hic omnis temporibus et. Harum et illo animi in.', '2001-09-27 16:44:31', '1984-01-11 01:08:30');
INSERT INTO `comments` (`id`, `user_id`, `post_id`, `body`, `created_at`, `updated_at`) VALUES ('82', '82', '82', 'Et consequatur possimus quibusdam et libero et enim. Corporis est sit natus. Voluptas maiores sunt ducimus. Expedita quidem rerum totam aut omnis.', '1980-01-16 05:37:32', '1980-04-12 06:32:52');
INSERT INTO `comments` (`id`, `user_id`, `post_id`, `body`, `created_at`, `updated_at`) VALUES ('83', '83', '83', 'Saepe quam doloremque qui eveniet mollitia aut nihil. Vel perferendis architecto quod alias molestias atque. Velit reprehenderit illo et sunt maxime libero iusto nulla. Similique quia quia et.', '1990-05-26 11:09:58', '1987-09-01 20:42:51');
INSERT INTO `comments` (`id`, `user_id`, `post_id`, `body`, `created_at`, `updated_at`) VALUES ('84', '84', '84', 'Nemo maxime rem atque aut. Corrupti doloribus tempora temporibus iure et rerum voluptas. Ut et facilis et mollitia.', '2001-09-07 02:00:03', '1983-06-23 01:35:54');
INSERT INTO `comments` (`id`, `user_id`, `post_id`, `body`, `created_at`, `updated_at`) VALUES ('85', '85', '85', 'Recusandae deserunt quas necessitatibus facilis omnis ut libero. Voluptas tempore maxime voluptatem quia facilis officiis. Aliquid iure debitis alias ad. Rem iure et iure ipsum.', '2007-01-05 19:24:18', '1993-07-12 15:59:05');
INSERT INTO `comments` (`id`, `user_id`, `post_id`, `body`, `created_at`, `updated_at`) VALUES ('86', '86', '86', 'Nobis excepturi laborum inventore. Occaecati eum doloremque qui non. Culpa inventore et doloremque possimus.', '2005-10-06 23:06:12', '2016-02-09 22:21:59');
INSERT INTO `comments` (`id`, `user_id`, `post_id`, `body`, `created_at`, `updated_at`) VALUES ('87', '87', '87', 'Molestiae debitis voluptatem voluptate possimus ab. Magnam eveniet quod nisi. Explicabo in doloremque aut aliquid eligendi voluptate. Eaque tenetur optio beatae id eligendi culpa.', '2001-08-18 04:54:55', '2014-05-22 23:24:55');
INSERT INTO `comments` (`id`, `user_id`, `post_id`, `body`, `created_at`, `updated_at`) VALUES ('88', '88', '88', 'Perspiciatis rem dolores explicabo possimus quo. Qui deserunt ut similique omnis sunt. Ipsam vero perspiciatis velit totam. Nemo similique magni temporibus et.', '2011-05-17 15:28:55', '1975-02-20 09:49:46');
INSERT INTO `comments` (`id`, `user_id`, `post_id`, `body`, `created_at`, `updated_at`) VALUES ('89', '89', '89', 'Qui fugiat commodi hic tenetur est. Suscipit et qui perferendis excepturi iusto. Sequi asperiores tempora minima tempore iste ipsum perferendis.', '2005-12-13 16:55:35', '1982-10-27 12:12:51');
INSERT INTO `comments` (`id`, `user_id`, `post_id`, `body`, `created_at`, `updated_at`) VALUES ('90', '90', '90', 'Et aperiam omnis explicabo maiores ullam at eum eligendi. Aut saepe asperiores deleniti nihil. Dolores et omnis accusantium et. Veritatis numquam vel veniam accusamus quia maiores accusamus. Qui ducimus itaque saepe voluptatem dolores quis quis.', '1991-09-04 13:52:53', '1975-04-29 05:53:57');
INSERT INTO `comments` (`id`, `user_id`, `post_id`, `body`, `created_at`, `updated_at`) VALUES ('91', '91', '91', 'Deserunt earum ipsum et reiciendis accusamus. Provident nisi illo ut. Voluptatem quidem doloribus aliquam est non. Doloribus asperiores sed modi aperiam.', '1982-12-10 19:15:51', '1972-07-05 12:30:41');
INSERT INTO `comments` (`id`, `user_id`, `post_id`, `body`, `created_at`, `updated_at`) VALUES ('92', '92', '92', 'Eos commodi officia officiis voluptatum dicta. Perferendis impedit nisi nobis voluptatem. Corporis labore fuga nihil nemo quos esse dicta. Laborum illum vel vero commodi quia quisquam.', '2014-01-29 01:40:31', '1985-07-28 14:09:39');
INSERT INTO `comments` (`id`, `user_id`, `post_id`, `body`, `created_at`, `updated_at`) VALUES ('93', '93', '93', 'Quia consectetur eligendi velit aut soluta. Iste blanditiis nam modi eos. Accusamus non sint excepturi qui eos itaque doloremque.', '2001-02-04 15:02:10', '1984-02-29 20:40:39');
INSERT INTO `comments` (`id`, `user_id`, `post_id`, `body`, `created_at`, `updated_at`) VALUES ('94', '94', '94', 'Odio inventore sunt atque aut saepe aut. Eligendi molestias aperiam libero rerum est quod veniam. Expedita amet omnis qui voluptatem. Saepe cumque distinctio voluptatem sit dolor explicabo.', '2007-08-30 02:18:01', '1973-11-28 19:27:47');
INSERT INTO `comments` (`id`, `user_id`, `post_id`, `body`, `created_at`, `updated_at`) VALUES ('95', '95', '95', 'Provident saepe consectetur nulla aut deleniti quas nihil. Sunt qui et similique officia optio. Rerum illo aut doloribus ipsum corrupti voluptatem. Quaerat vel fugit tenetur blanditiis.', '1988-08-20 09:14:45', '1989-11-17 03:53:51');
INSERT INTO `comments` (`id`, `user_id`, `post_id`, `body`, `created_at`, `updated_at`) VALUES ('96', '96', '96', 'At exercitationem dolores omnis perferendis. Molestiae illo doloremque deserunt voluptas. Vero sed laudantium tenetur maiores omnis est itaque.', '1972-12-04 16:45:11', '1970-08-26 06:54:38');
INSERT INTO `comments` (`id`, `user_id`, `post_id`, `body`, `created_at`, `updated_at`) VALUES ('97', '97', '97', 'Quia doloribus nemo sapiente amet similique. Quasi nisi est saepe dignissimos. Dicta possimus doloribus ea nisi unde nesciunt cumque.', '1993-10-11 20:19:40', '1999-07-14 08:21:06');
INSERT INTO `comments` (`id`, `user_id`, `post_id`, `body`, `created_at`, `updated_at`) VALUES ('98', '98', '98', 'Eum doloribus id excepturi similique. In eos doloremque ducimus rerum quaerat accusantium. Eum numquam eos doloribus at eligendi ut cupiditate quae. Sunt soluta corrupti impedit nihil est.', '1992-11-21 10:19:32', '1981-07-02 19:58:53');
INSERT INTO `comments` (`id`, `user_id`, `post_id`, `body`, `created_at`, `updated_at`) VALUES ('99', '99', '99', 'Amet minima quod rerum in qui quia fugit et. Et mollitia reiciendis consequatur. Nihil molestias explicabo officia aliquam. Minima voluptatem sint error voluptatum ea.', '2011-04-14 04:02:14', '1991-11-17 04:32:03');
INSERT INTO `comments` (`id`, `user_id`, `post_id`, `body`, `created_at`, `updated_at`) VALUES ('100', '100', '100', 'Sint est asperiores rerum doloribus autem. Magni enim ducimus distinctio maiores. Asperiores at accusantium illum similique id.', '1988-05-30 16:19:38', '2004-11-08 05:33:57');


#
# TABLE STRUCTURE FOR: communities
#

DROP TABLE IF EXISTS `communities`;

CREATE TABLE `communities` (
  `id` bigint(20) unsigned NOT NULL AUTO_INCREMENT,
  `name` varchar(150) COLLATE utf8_unicode_ci DEFAULT NULL,
  PRIMARY KEY (`id`),
  KEY `communities_name_idx` (`name`)
) ENGINE=InnoDB AUTO_INCREMENT=101 DEFAULT CHARSET=utf8 COLLATE=utf8_unicode_ci;

INSERT INTO `communities` (`id`, `name`) VALUES ('64', 'a');
INSERT INTO `communities` (`id`, `name`) VALUES ('46', 'ab');
INSERT INTO `communities` (`id`, `name`) VALUES ('25', 'aliquid');
INSERT INTO `communities` (`id`, `name`) VALUES ('7', 'architecto');
INSERT INTO `communities` (`id`, `name`) VALUES ('32', 'asperiores');
INSERT INTO `communities` (`id`, `name`) VALUES ('62', 'aspernatur');
INSERT INTO `communities` (`id`, `name`) VALUES ('37', 'at');
INSERT INTO `communities` (`id`, `name`) VALUES ('19', 'aut');
INSERT INTO `communities` (`id`, `name`) VALUES ('29', 'aut');
INSERT INTO `communities` (`id`, `name`) VALUES ('70', 'aut');
INSERT INTO `communities` (`id`, `name`) VALUES ('80', 'aut');
INSERT INTO `communities` (`id`, `name`) VALUES ('91', 'aut');
INSERT INTO `communities` (`id`, `name`) VALUES ('53', 'autem');
INSERT INTO `communities` (`id`, `name`) VALUES ('100', 'autem');
INSERT INTO `communities` (`id`, `name`) VALUES ('11', 'consequatur');
INSERT INTO `communities` (`id`, `name`) VALUES ('18', 'consequuntur');
INSERT INTO `communities` (`id`, `name`) VALUES ('85', 'corporis');
INSERT INTO `communities` (`id`, `name`) VALUES ('88', 'corrupti');
INSERT INTO `communities` (`id`, `name`) VALUES ('1', 'culpa');
INSERT INTO `communities` (`id`, `name`) VALUES ('36', 'deleniti');
INSERT INTO `communities` (`id`, `name`) VALUES ('21', 'dicta');
INSERT INTO `communities` (`id`, `name`) VALUES ('71', 'distinctio');
INSERT INTO `communities` (`id`, `name`) VALUES ('92', 'dolore');
INSERT INTO `communities` (`id`, `name`) VALUES ('56', 'dolorem');
INSERT INTO `communities` (`id`, `name`) VALUES ('49', 'dolorum');
INSERT INTO `communities` (`id`, `name`) VALUES ('98', 'ducimus');
INSERT INTO `communities` (`id`, `name`) VALUES ('86', 'eaque');
INSERT INTO `communities` (`id`, `name`) VALUES ('44', 'earum');
INSERT INTO `communities` (`id`, `name`) VALUES ('16', 'enim');
INSERT INTO `communities` (`id`, `name`) VALUES ('97', 'enim');
INSERT INTO `communities` (`id`, `name`) VALUES ('30', 'error');
INSERT INTO `communities` (`id`, `name`) VALUES ('4', 'est');
INSERT INTO `communities` (`id`, `name`) VALUES ('14', 'est');
INSERT INTO `communities` (`id`, `name`) VALUES ('87', 'est');
INSERT INTO `communities` (`id`, `name`) VALUES ('6', 'et');
INSERT INTO `communities` (`id`, `name`) VALUES ('8', 'et');
INSERT INTO `communities` (`id`, `name`) VALUES ('9', 'et');
INSERT INTO `communities` (`id`, `name`) VALUES ('52', 'et');
INSERT INTO `communities` (`id`, `name`) VALUES ('42', 'eveniet');
INSERT INTO `communities` (`id`, `name`) VALUES ('68', 'ex');
INSERT INTO `communities` (`id`, `name`) VALUES ('72', 'expedita');
INSERT INTO `communities` (`id`, `name`) VALUES ('83', 'expedita');
INSERT INTO `communities` (`id`, `name`) VALUES ('65', 'facilis');
INSERT INTO `communities` (`id`, `name`) VALUES ('57', 'harum');
INSERT INTO `communities` (`id`, `name`) VALUES ('20', 'illo');
INSERT INTO `communities` (`id`, `name`) VALUES ('96', 'illum');
INSERT INTO `communities` (`id`, `name`) VALUES ('15', 'ipsa');
INSERT INTO `communities` (`id`, `name`) VALUES ('77', 'ipsa');
INSERT INTO `communities` (`id`, `name`) VALUES ('54', 'iure');
INSERT INTO `communities` (`id`, `name`) VALUES ('78', 'iusto');
INSERT INTO `communities` (`id`, `name`) VALUES ('48', 'laboriosam');
INSERT INTO `communities` (`id`, `name`) VALUES ('3', 'libero');
INSERT INTO `communities` (`id`, `name`) VALUES ('17', 'magnam');
INSERT INTO `communities` (`id`, `name`) VALUES ('58', 'modi');
INSERT INTO `communities` (`id`, `name`) VALUES ('2', 'natus');
INSERT INTO `communities` (`id`, `name`) VALUES ('24', 'natus');
INSERT INTO `communities` (`id`, `name`) VALUES ('89', 'nemo');
INSERT INTO `communities` (`id`, `name`) VALUES ('27', 'nihil');
INSERT INTO `communities` (`id`, `name`) VALUES ('74', 'nobis');
INSERT INTO `communities` (`id`, `name`) VALUES ('22', 'non');
INSERT INTO `communities` (`id`, `name`) VALUES ('94', 'non');
INSERT INTO `communities` (`id`, `name`) VALUES ('75', 'nulla');
INSERT INTO `communities` (`id`, `name`) VALUES ('55', 'occaecati');
INSERT INTO `communities` (`id`, `name`) VALUES ('82', 'occaecati');
INSERT INTO `communities` (`id`, `name`) VALUES ('33', 'odit');
INSERT INTO `communities` (`id`, `name`) VALUES ('69', 'odit');
INSERT INTO `communities` (`id`, `name`) VALUES ('10', 'officia');
INSERT INTO `communities` (`id`, `name`) VALUES ('28', 'omnis');
INSERT INTO `communities` (`id`, `name`) VALUES ('45', 'omnis');
INSERT INTO `communities` (`id`, `name`) VALUES ('66', 'omnis');
INSERT INTO `communities` (`id`, `name`) VALUES ('81', 'perferendis');
INSERT INTO `communities` (`id`, `name`) VALUES ('61', 'porro');
INSERT INTO `communities` (`id`, `name`) VALUES ('67', 'quam');
INSERT INTO `communities` (`id`, `name`) VALUES ('41', 'quas');
INSERT INTO `communities` (`id`, `name`) VALUES ('39', 'quasi');
INSERT INTO `communities` (`id`, `name`) VALUES ('60', 'qui');
INSERT INTO `communities` (`id`, `name`) VALUES ('13', 'quia');
INSERT INTO `communities` (`id`, `name`) VALUES ('79', 'quia');
INSERT INTO `communities` (`id`, `name`) VALUES ('93', 'recusandae');
INSERT INTO `communities` (`id`, `name`) VALUES ('76', 'reprehenderit');
INSERT INTO `communities` (`id`, `name`) VALUES ('99', 'rerum');
INSERT INTO `communities` (`id`, `name`) VALUES ('12', 'saepe');
INSERT INTO `communities` (`id`, `name`) VALUES ('47', 'soluta');
INSERT INTO `communities` (`id`, `name`) VALUES ('84', 'sunt');
INSERT INTO `communities` (`id`, `name`) VALUES ('38', 'suscipit');
INSERT INTO `communities` (`id`, `name`) VALUES ('35', 'tempore');
INSERT INTO `communities` (`id`, `name`) VALUES ('5', 'totam');
INSERT INTO `communities` (`id`, `name`) VALUES ('26', 'ut');
INSERT INTO `communities` (`id`, `name`) VALUES ('31', 'ut');
INSERT INTO `communities` (`id`, `name`) VALUES ('43', 'ut');
INSERT INTO `communities` (`id`, `name`) VALUES ('59', 'ut');
INSERT INTO `communities` (`id`, `name`) VALUES ('63', 'ut');
INSERT INTO `communities` (`id`, `name`) VALUES ('95', 'ut');
INSERT INTO `communities` (`id`, `name`) VALUES ('50', 'velit');
INSERT INTO `communities` (`id`, `name`) VALUES ('23', 'voluptas');
INSERT INTO `communities` (`id`, `name`) VALUES ('34', 'voluptas');
INSERT INTO `communities` (`id`, `name`) VALUES ('40', 'voluptas');
INSERT INTO `communities` (`id`, `name`) VALUES ('51', 'voluptas');
INSERT INTO `communities` (`id`, `name`) VALUES ('73', 'voluptatum');
INSERT INTO `communities` (`id`, `name`) VALUES ('90', 'voluptatum');


#
# TABLE STRUCTURE FOR: friend_requests
#

DROP TABLE IF EXISTS `friend_requests`;

CREATE TABLE `friend_requests` (
  `initiator_user_id` bigint(20) unsigned NOT NULL,
  `target_user_id` bigint(20) unsigned NOT NULL,
  `status` enum('requested','approved','unfriended','declined') COLLATE utf8_unicode_ci DEFAULT 'requested',
  `requested_at` datetime DEFAULT current_timestamp(),
  `confirmed_at` datetime DEFAULT current_timestamp() ON UPDATE current_timestamp(),
  PRIMARY KEY (`initiator_user_id`,`target_user_id`),
  KEY `target_user_id` (`target_user_id`),
  KEY `initiator_user_id` (`initiator_user_id`),
  CONSTRAINT `friend_requests_ibfk_1` FOREIGN KEY (`initiator_user_id`) REFERENCES `users` (`id`),
  CONSTRAINT `friend_requests_ibfk_2` FOREIGN KEY (`target_user_id`) REFERENCES `users` (`id`)
) ENGINE=InnoDB DEFAULT CHARSET=utf8 COLLATE=utf8_unicode_ci;

INSERT INTO `friend_requests` (`initiator_user_id`, `target_user_id`, `status`, `requested_at`, `confirmed_at`) VALUES ('1', '81', 'approved', '2019-06-13 14:31:38', '1982-08-19 23:46:06');
INSERT INTO `friend_requests` (`initiator_user_id`, `target_user_id`, `status`, `requested_at`, `confirmed_at`) VALUES ('2', '22', 'declined', '2015-01-06 23:59:50', '1984-06-20 16:44:16');
INSERT INTO `friend_requests` (`initiator_user_id`, `target_user_id`, `status`, `requested_at`, `confirmed_at`) VALUES ('3', '33', 'requested', '2018-02-08 05:25:50', '2019-09-15 08:03:09');
INSERT INTO `friend_requests` (`initiator_user_id`, `target_user_id`, `status`, `requested_at`, `confirmed_at`) VALUES ('4', '21', 'unfriended', '2007-06-21 15:56:43', '2012-08-12 16:53:02');
INSERT INTO `friend_requests` (`initiator_user_id`, `target_user_id`, `status`, `requested_at`, `confirmed_at`) VALUES ('5', '11', 'approved', '1982-04-08 16:56:39', '1978-08-20 09:25:06');
INSERT INTO `friend_requests` (`initiator_user_id`, `target_user_id`, `status`, `requested_at`, `confirmed_at`) VALUES ('6', '90', 'declined', '2012-12-11 09:17:30', '2004-01-30 07:21:14');
INSERT INTO `friend_requests` (`initiator_user_id`, `target_user_id`, `status`, `requested_at`, `confirmed_at`) VALUES ('7', '51', 'unfriended', '1990-07-21 11:44:55', '1989-01-13 21:39:07');
INSERT INTO `friend_requests` (`initiator_user_id`, `target_user_id`, `status`, `requested_at`, `confirmed_at`) VALUES ('8', '55', 'declined', '1989-05-30 06:28:10', '1998-07-24 03:42:06');
INSERT INTO `friend_requests` (`initiator_user_id`, `target_user_id`, `status`, `requested_at`, `confirmed_at`) VALUES ('9', '55', 'approved', '2014-07-17 05:33:44', '2015-11-14 07:38:23');
INSERT INTO `friend_requests` (`initiator_user_id`, `target_user_id`, `status`, `requested_at`, `confirmed_at`) VALUES ('10', '20', 'unfriended', '1980-10-15 00:59:17', '1987-07-20 12:01:33');
INSERT INTO `friend_requests` (`initiator_user_id`, `target_user_id`, `status`, `requested_at`, `confirmed_at`) VALUES ('11', '45', 'approved', '1973-10-20 05:23:18', '2006-07-02 11:05:33');
INSERT INTO `friend_requests` (`initiator_user_id`, `target_user_id`, `status`, `requested_at`, `confirmed_at`) VALUES ('12', '82', 'requested', '1995-08-25 23:18:11', '1987-09-26 01:15:07');
INSERT INTO `friend_requests` (`initiator_user_id`, `target_user_id`, `status`, `requested_at`, `confirmed_at`) VALUES ('13', '6', 'unfriended', '2014-06-17 01:56:39', '1983-12-08 08:09:05');
INSERT INTO `friend_requests` (`initiator_user_id`, `target_user_id`, `status`, `requested_at`, `confirmed_at`) VALUES ('14', '86', 'unfriended', '2003-09-28 19:39:02', '2020-07-09 20:59:17');
INSERT INTO `friend_requests` (`initiator_user_id`, `target_user_id`, `status`, `requested_at`, `confirmed_at`) VALUES ('15', '32', 'approved', '1983-10-06 05:33:34', '1993-06-19 18:57:28');
INSERT INTO `friend_requests` (`initiator_user_id`, `target_user_id`, `status`, `requested_at`, `confirmed_at`) VALUES ('16', '42', 'requested', '1973-05-05 05:57:31', '1990-01-01 16:50:24');
INSERT INTO `friend_requests` (`initiator_user_id`, `target_user_id`, `status`, `requested_at`, `confirmed_at`) VALUES ('17', '10', 'approved', '2006-12-05 05:57:35', '2006-11-23 15:51:56');
INSERT INTO `friend_requests` (`initiator_user_id`, `target_user_id`, `status`, `requested_at`, `confirmed_at`) VALUES ('18', '18', 'declined', '1983-09-14 15:08:29', '2002-06-18 09:29:25');
INSERT INTO `friend_requests` (`initiator_user_id`, `target_user_id`, `status`, `requested_at`, `confirmed_at`) VALUES ('19', '57', 'unfriended', '2018-06-26 02:45:05', '1975-09-14 13:31:16');
INSERT INTO `friend_requests` (`initiator_user_id`, `target_user_id`, `status`, `requested_at`, `confirmed_at`) VALUES ('20', '89', 'unfriended', '1974-10-07 16:04:05', '1975-09-02 14:18:33');
INSERT INTO `friend_requests` (`initiator_user_id`, `target_user_id`, `status`, `requested_at`, `confirmed_at`) VALUES ('21', '46', 'requested', '2015-08-11 23:07:53', '2019-06-26 22:14:19');
INSERT INTO `friend_requests` (`initiator_user_id`, `target_user_id`, `status`, `requested_at`, `confirmed_at`) VALUES ('22', '1', 'declined', '1988-04-05 06:22:26', '2002-09-05 15:04:29');
INSERT INTO `friend_requests` (`initiator_user_id`, `target_user_id`, `status`, `requested_at`, `confirmed_at`) VALUES ('23', '88', 'unfriended', '2019-03-09 10:59:46', '2003-11-21 09:25:38');
INSERT INTO `friend_requests` (`initiator_user_id`, `target_user_id`, `status`, `requested_at`, `confirmed_at`) VALUES ('24', '94', 'approved', '1995-06-14 10:20:58', '1978-12-16 14:06:34');
INSERT INTO `friend_requests` (`initiator_user_id`, `target_user_id`, `status`, `requested_at`, `confirmed_at`) VALUES ('25', '2', 'approved', '2001-03-31 11:29:19', '1991-02-21 17:28:33');
INSERT INTO `friend_requests` (`initiator_user_id`, `target_user_id`, `status`, `requested_at`, `confirmed_at`) VALUES ('26', '61', 'declined', '1998-06-14 19:23:01', '1995-03-07 07:59:31');
INSERT INTO `friend_requests` (`initiator_user_id`, `target_user_id`, `status`, `requested_at`, `confirmed_at`) VALUES ('27', '13', 'unfriended', '1999-08-04 09:14:10', '1993-11-25 14:13:41');
INSERT INTO `friend_requests` (`initiator_user_id`, `target_user_id`, `status`, `requested_at`, `confirmed_at`) VALUES ('28', '86', 'requested', '1974-04-21 19:48:29', '1994-08-02 13:38:19');
INSERT INTO `friend_requests` (`initiator_user_id`, `target_user_id`, `status`, `requested_at`, `confirmed_at`) VALUES ('29', '50', 'requested', '1973-01-08 15:52:15', '1976-08-14 20:17:23');
INSERT INTO `friend_requests` (`initiator_user_id`, `target_user_id`, `status`, `requested_at`, `confirmed_at`) VALUES ('30', '2', 'declined', '2005-11-22 03:35:55', '1977-11-17 22:17:14');
INSERT INTO `friend_requests` (`initiator_user_id`, `target_user_id`, `status`, `requested_at`, `confirmed_at`) VALUES ('31', '85', 'approved', '2018-08-30 07:06:57', '1997-05-02 23:21:16');
INSERT INTO `friend_requests` (`initiator_user_id`, `target_user_id`, `status`, `requested_at`, `confirmed_at`) VALUES ('32', '31', 'requested', '2005-09-28 03:33:56', '1980-10-23 01:30:47');
INSERT INTO `friend_requests` (`initiator_user_id`, `target_user_id`, `status`, `requested_at`, `confirmed_at`) VALUES ('33', '24', 'requested', '1977-11-15 05:00:27', '1979-01-30 20:38:31');
INSERT INTO `friend_requests` (`initiator_user_id`, `target_user_id`, `status`, `requested_at`, `confirmed_at`) VALUES ('34', '17', 'unfriended', '2019-08-17 07:31:23', '2014-10-04 05:05:33');
INSERT INTO `friend_requests` (`initiator_user_id`, `target_user_id`, `status`, `requested_at`, `confirmed_at`) VALUES ('35', '51', 'approved', '2018-07-05 22:43:08', '1995-07-20 21:22:28');
INSERT INTO `friend_requests` (`initiator_user_id`, `target_user_id`, `status`, `requested_at`, `confirmed_at`) VALUES ('36', '34', 'declined', '1989-10-01 18:05:14', '2016-12-21 21:28:38');
INSERT INTO `friend_requests` (`initiator_user_id`, `target_user_id`, `status`, `requested_at`, `confirmed_at`) VALUES ('37', '7', 'unfriended', '1980-05-14 07:48:15', '1989-03-21 01:54:38');
INSERT INTO `friend_requests` (`initiator_user_id`, `target_user_id`, `status`, `requested_at`, `confirmed_at`) VALUES ('38', '2', 'unfriended', '1973-01-06 01:26:03', '2005-02-19 01:57:00');
INSERT INTO `friend_requests` (`initiator_user_id`, `target_user_id`, `status`, `requested_at`, `confirmed_at`) VALUES ('39', '89', 'declined', '2005-05-31 18:21:58', '2012-10-28 07:10:42');
INSERT INTO `friend_requests` (`initiator_user_id`, `target_user_id`, `status`, `requested_at`, `confirmed_at`) VALUES ('40', '62', 'unfriended', '2009-01-14 01:35:01', '1996-04-19 08:46:15');
INSERT INTO `friend_requests` (`initiator_user_id`, `target_user_id`, `status`, `requested_at`, `confirmed_at`) VALUES ('41', '21', 'requested', '2006-07-11 15:37:21', '2015-12-23 18:23:58');
INSERT INTO `friend_requests` (`initiator_user_id`, `target_user_id`, `status`, `requested_at`, `confirmed_at`) VALUES ('42', '33', 'unfriended', '2005-03-11 12:31:20', '2013-07-11 10:39:24');
INSERT INTO `friend_requests` (`initiator_user_id`, `target_user_id`, `status`, `requested_at`, `confirmed_at`) VALUES ('43', '43', 'requested', '1991-12-28 15:17:11', '1988-05-16 12:31:00');
INSERT INTO `friend_requests` (`initiator_user_id`, `target_user_id`, `status`, `requested_at`, `confirmed_at`) VALUES ('44', '27', 'unfriended', '1977-06-15 17:22:37', '1975-12-26 14:41:59');
INSERT INTO `friend_requests` (`initiator_user_id`, `target_user_id`, `status`, `requested_at`, `confirmed_at`) VALUES ('45', '19', 'requested', '1994-03-04 18:03:52', '1976-08-11 23:56:30');
INSERT INTO `friend_requests` (`initiator_user_id`, `target_user_id`, `status`, `requested_at`, `confirmed_at`) VALUES ('46', '74', 'approved', '1997-01-07 08:34:15', '2008-04-30 04:29:37');
INSERT INTO `friend_requests` (`initiator_user_id`, `target_user_id`, `status`, `requested_at`, `confirmed_at`) VALUES ('47', '68', 'unfriended', '1975-10-22 21:55:39', '1979-10-14 17:56:51');
INSERT INTO `friend_requests` (`initiator_user_id`, `target_user_id`, `status`, `requested_at`, `confirmed_at`) VALUES ('48', '28', 'approved', '1999-03-17 01:15:30', '2018-10-08 00:22:35');
INSERT INTO `friend_requests` (`initiator_user_id`, `target_user_id`, `status`, `requested_at`, `confirmed_at`) VALUES ('49', '92', 'unfriended', '2010-07-07 07:48:20', '1994-12-02 12:25:12');
INSERT INTO `friend_requests` (`initiator_user_id`, `target_user_id`, `status`, `requested_at`, `confirmed_at`) VALUES ('50', '25', 'declined', '1973-03-29 22:40:55', '1996-08-23 07:49:56');
INSERT INTO `friend_requests` (`initiator_user_id`, `target_user_id`, `status`, `requested_at`, `confirmed_at`) VALUES ('51', '16', 'requested', '1995-08-17 16:01:25', '2017-12-21 23:42:06');
INSERT INTO `friend_requests` (`initiator_user_id`, `target_user_id`, `status`, `requested_at`, `confirmed_at`) VALUES ('52', '37', 'unfriended', '1971-07-02 12:33:18', '2010-10-05 19:47:17');
INSERT INTO `friend_requests` (`initiator_user_id`, `target_user_id`, `status`, `requested_at`, `confirmed_at`) VALUES ('53', '26', 'approved', '1974-03-14 04:36:45', '1991-06-18 09:40:41');
INSERT INTO `friend_requests` (`initiator_user_id`, `target_user_id`, `status`, `requested_at`, `confirmed_at`) VALUES ('54', '4', 'requested', '2012-01-04 22:48:40', '2006-08-12 16:40:37');
INSERT INTO `friend_requests` (`initiator_user_id`, `target_user_id`, `status`, `requested_at`, `confirmed_at`) VALUES ('55', '31', 'unfriended', '2017-05-15 06:17:13', '2015-09-28 15:42:51');
INSERT INTO `friend_requests` (`initiator_user_id`, `target_user_id`, `status`, `requested_at`, `confirmed_at`) VALUES ('56', '27', 'requested', '2019-09-19 21:13:05', '2014-11-08 11:12:09');
INSERT INTO `friend_requests` (`initiator_user_id`, `target_user_id`, `status`, `requested_at`, `confirmed_at`) VALUES ('57', '64', 'approved', '1970-10-10 17:36:09', '1988-05-08 16:05:54');
INSERT INTO `friend_requests` (`initiator_user_id`, `target_user_id`, `status`, `requested_at`, `confirmed_at`) VALUES ('58', '43', 'requested', '2015-10-22 05:54:30', '2007-05-25 22:16:04');
INSERT INTO `friend_requests` (`initiator_user_id`, `target_user_id`, `status`, `requested_at`, `confirmed_at`) VALUES ('59', '12', 'unfriended', '1975-10-15 19:09:15', '1999-06-26 04:40:05');
INSERT INTO `friend_requests` (`initiator_user_id`, `target_user_id`, `status`, `requested_at`, `confirmed_at`) VALUES ('60', '13', 'unfriended', '1995-03-04 10:46:10', '2018-11-24 03:11:26');
INSERT INTO `friend_requests` (`initiator_user_id`, `target_user_id`, `status`, `requested_at`, `confirmed_at`) VALUES ('61', '44', 'requested', '1992-05-02 01:05:01', '1990-07-07 13:10:56');
INSERT INTO `friend_requests` (`initiator_user_id`, `target_user_id`, `status`, `requested_at`, `confirmed_at`) VALUES ('62', '97', 'approved', '2000-02-23 13:57:33', '2009-10-11 12:35:01');
INSERT INTO `friend_requests` (`initiator_user_id`, `target_user_id`, `status`, `requested_at`, `confirmed_at`) VALUES ('63', '43', 'declined', '2001-09-16 07:19:58', '1971-01-07 10:08:59');
INSERT INTO `friend_requests` (`initiator_user_id`, `target_user_id`, `status`, `requested_at`, `confirmed_at`) VALUES ('64', '68', 'declined', '2005-11-30 23:42:42', '1983-11-22 18:59:34');
INSERT INTO `friend_requests` (`initiator_user_id`, `target_user_id`, `status`, `requested_at`, `confirmed_at`) VALUES ('65', '14', 'requested', '1972-05-01 23:37:00', '1997-01-21 08:41:55');
INSERT INTO `friend_requests` (`initiator_user_id`, `target_user_id`, `status`, `requested_at`, `confirmed_at`) VALUES ('66', '93', 'requested', '2017-02-23 12:39:11', '1972-08-18 10:16:49');
INSERT INTO `friend_requests` (`initiator_user_id`, `target_user_id`, `status`, `requested_at`, `confirmed_at`) VALUES ('67', '1', 'requested', '1974-04-19 15:56:01', '2014-06-28 18:04:04');
INSERT INTO `friend_requests` (`initiator_user_id`, `target_user_id`, `status`, `requested_at`, `confirmed_at`) VALUES ('68', '20', 'declined', '2017-06-29 04:09:09', '2015-12-11 12:00:56');
INSERT INTO `friend_requests` (`initiator_user_id`, `target_user_id`, `status`, `requested_at`, `confirmed_at`) VALUES ('69', '94', 'requested', '2011-05-17 13:46:38', '1978-05-23 17:42:08');
INSERT INTO `friend_requests` (`initiator_user_id`, `target_user_id`, `status`, `requested_at`, `confirmed_at`) VALUES ('70', '89', 'declined', '2016-11-22 14:42:47', '1972-02-04 03:54:21');
INSERT INTO `friend_requests` (`initiator_user_id`, `target_user_id`, `status`, `requested_at`, `confirmed_at`) VALUES ('71', '82', 'unfriended', '1992-04-08 16:00:19', '2011-04-17 18:38:42');
INSERT INTO `friend_requests` (`initiator_user_id`, `target_user_id`, `status`, `requested_at`, `confirmed_at`) VALUES ('72', '15', 'approved', '2008-07-03 10:12:56', '1998-10-30 22:56:56');
INSERT INTO `friend_requests` (`initiator_user_id`, `target_user_id`, `status`, `requested_at`, `confirmed_at`) VALUES ('73', '21', 'unfriended', '2005-09-30 08:32:29', '1980-12-17 23:40:31');
INSERT INTO `friend_requests` (`initiator_user_id`, `target_user_id`, `status`, `requested_at`, `confirmed_at`) VALUES ('74', '24', 'unfriended', '1978-07-19 01:27:19', '1993-06-14 16:10:58');
INSERT INTO `friend_requests` (`initiator_user_id`, `target_user_id`, `status`, `requested_at`, `confirmed_at`) VALUES ('75', '41', 'approved', '1974-03-21 03:52:12', '1971-03-03 22:40:12');
INSERT INTO `friend_requests` (`initiator_user_id`, `target_user_id`, `status`, `requested_at`, `confirmed_at`) VALUES ('76', '39', 'declined', '2011-06-19 23:59:27', '1971-02-22 23:08:22');
INSERT INTO `friend_requests` (`initiator_user_id`, `target_user_id`, `status`, `requested_at`, `confirmed_at`) VALUES ('77', '97', 'unfriended', '1972-03-10 07:27:18', '2001-02-13 21:42:47');
INSERT INTO `friend_requests` (`initiator_user_id`, `target_user_id`, `status`, `requested_at`, `confirmed_at`) VALUES ('78', '9', 'unfriended', '2016-10-29 07:55:54', '1975-05-17 09:42:13');
INSERT INTO `friend_requests` (`initiator_user_id`, `target_user_id`, `status`, `requested_at`, `confirmed_at`) VALUES ('79', '67', 'requested', '2002-06-11 01:41:50', '1982-01-20 00:32:55');
INSERT INTO `friend_requests` (`initiator_user_id`, `target_user_id`, `status`, `requested_at`, `confirmed_at`) VALUES ('80', '89', 'unfriended', '1997-11-11 15:03:48', '1986-12-13 16:58:29');
INSERT INTO `friend_requests` (`initiator_user_id`, `target_user_id`, `status`, `requested_at`, `confirmed_at`) VALUES ('81', '33', 'requested', '1995-07-06 04:47:43', '1989-10-22 21:00:24');
INSERT INTO `friend_requests` (`initiator_user_id`, `target_user_id`, `status`, `requested_at`, `confirmed_at`) VALUES ('82', '83', 'unfriended', '1970-01-27 12:18:58', '2012-11-09 21:52:40');
INSERT INTO `friend_requests` (`initiator_user_id`, `target_user_id`, `status`, `requested_at`, `confirmed_at`) VALUES ('83', '26', 'approved', '1976-12-20 16:08:31', '2012-12-16 12:46:35');
INSERT INTO `friend_requests` (`initiator_user_id`, `target_user_id`, `status`, `requested_at`, `confirmed_at`) VALUES ('84', '58', 'declined', '1991-12-05 11:09:51', '2012-03-22 15:36:01');
INSERT INTO `friend_requests` (`initiator_user_id`, `target_user_id`, `status`, `requested_at`, `confirmed_at`) VALUES ('85', '86', 'requested', '1978-07-26 14:54:28', '1984-08-04 10:46:50');
INSERT INTO `friend_requests` (`initiator_user_id`, `target_user_id`, `status`, `requested_at`, `confirmed_at`) VALUES ('86', '56', 'unfriended', '2016-08-17 15:29:51', '1992-02-20 02:47:27');
INSERT INTO `friend_requests` (`initiator_user_id`, `target_user_id`, `status`, `requested_at`, `confirmed_at`) VALUES ('87', '85', 'requested', '1982-09-15 05:10:29', '1982-09-02 03:10:18');
INSERT INTO `friend_requests` (`initiator_user_id`, `target_user_id`, `status`, `requested_at`, `confirmed_at`) VALUES ('88', '49', 'approved', '1974-01-17 14:07:00', '1981-02-04 22:28:33');
INSERT INTO `friend_requests` (`initiator_user_id`, `target_user_id`, `status`, `requested_at`, `confirmed_at`) VALUES ('89', '98', 'unfriended', '2013-10-18 12:45:53', '2012-12-31 18:00:26');
INSERT INTO `friend_requests` (`initiator_user_id`, `target_user_id`, `status`, `requested_at`, `confirmed_at`) VALUES ('90', '96', 'unfriended', '2005-10-13 21:15:00', '1988-01-11 19:16:17');
INSERT INTO `friend_requests` (`initiator_user_id`, `target_user_id`, `status`, `requested_at`, `confirmed_at`) VALUES ('91', '62', 'approved', '2009-10-04 00:55:45', '1973-07-30 08:40:07');
INSERT INTO `friend_requests` (`initiator_user_id`, `target_user_id`, `status`, `requested_at`, `confirmed_at`) VALUES ('92', '42', 'requested', '1970-08-26 19:02:25', '1988-12-10 08:11:39');
INSERT INTO `friend_requests` (`initiator_user_id`, `target_user_id`, `status`, `requested_at`, `confirmed_at`) VALUES ('93', '93', 'approved', '1992-12-04 05:08:20', '1975-04-29 14:54:09');
INSERT INTO `friend_requests` (`initiator_user_id`, `target_user_id`, `status`, `requested_at`, `confirmed_at`) VALUES ('94', '5', 'requested', '2019-11-01 12:27:12', '2005-05-16 00:05:22');
INSERT INTO `friend_requests` (`initiator_user_id`, `target_user_id`, `status`, `requested_at`, `confirmed_at`) VALUES ('95', '9', 'requested', '2010-03-05 05:02:29', '2009-05-16 23:48:22');
INSERT INTO `friend_requests` (`initiator_user_id`, `target_user_id`, `status`, `requested_at`, `confirmed_at`) VALUES ('96', '6', 'declined', '2013-01-01 18:55:13', '1975-10-27 05:08:45');
INSERT INTO `friend_requests` (`initiator_user_id`, `target_user_id`, `status`, `requested_at`, `confirmed_at`) VALUES ('97', '98', 'requested', '1988-09-19 19:04:59', '1985-07-02 18:08:30');
INSERT INTO `friend_requests` (`initiator_user_id`, `target_user_id`, `status`, `requested_at`, `confirmed_at`) VALUES ('98', '10', 'approved', '2017-01-01 17:12:01', '1983-05-31 20:39:04');
INSERT INTO `friend_requests` (`initiator_user_id`, `target_user_id`, `status`, `requested_at`, `confirmed_at`) VALUES ('99', '26', 'approved', '1986-02-01 01:19:27', '1989-11-25 03:15:04');
INSERT INTO `friend_requests` (`initiator_user_id`, `target_user_id`, `status`, `requested_at`, `confirmed_at`) VALUES ('100', '92', 'unfriended', '1985-12-24 04:41:28', '1976-02-05 10:24:07');


#
# TABLE STRUCTURE FOR: likes
#

DROP TABLE IF EXISTS `likes`;

CREATE TABLE `likes` (
  `id` bigint(20) unsigned NOT NULL AUTO_INCREMENT,
  `user_like_id` bigint(20) unsigned NOT NULL,
  `post_like_id` bigint(20) unsigned DEFAULT NULL,
  `photos_like_id` bigint(20) unsigned DEFAULT NULL,
  `comments_like_id` bigint(20) unsigned DEFAULT NULL,
  PRIMARY KEY (`id`),
  KEY `user_like_id` (`user_like_id`),
  KEY `post_like_id` (`post_like_id`),
  KEY `photos_like_id` (`photos_like_id`),
  KEY `comments_like_id` (`comments_like_id`),
  CONSTRAINT `likes_ibfk_1` FOREIGN KEY (`user_like_id`) REFERENCES `users` (`id`),
  CONSTRAINT `likes_ibfk_2` FOREIGN KEY (`post_like_id`) REFERENCES `posts` (`id`),
  CONSTRAINT `likes_ibfk_3` FOREIGN KEY (`photos_like_id`) REFERENCES `photos` (`id`),
  CONSTRAINT `likes_ibfk_4` FOREIGN KEY (`comments_like_id`) REFERENCES `comments` (`id`)
) ENGINE=InnoDB AUTO_INCREMENT=101 DEFAULT CHARSET=utf8 COLLATE=utf8_unicode_ci;

INSERT INTO `likes` (`id`, `user_like_id`, `post_like_id`, `photos_like_id`, `comments_like_id`) VALUES ('1', '1', '89', '91', '20');
INSERT INTO `likes` (`id`, `user_like_id`, `post_like_id`, `photos_like_id`, `comments_like_id`) VALUES ('2', '2', '30', '51', '25');
INSERT INTO `likes` (`id`, `user_like_id`, `post_like_id`, `photos_like_id`, `comments_like_id`) VALUES ('3', '3', '72', '64', '4');
INSERT INTO `likes` (`id`, `user_like_id`, `post_like_id`, `photos_like_id`, `comments_like_id`) VALUES ('4', '4', '69', '1', '71');
INSERT INTO `likes` (`id`, `user_like_id`, `post_like_id`, `photos_like_id`, `comments_like_id`) VALUES ('5', '5', '21', '44', '41');
INSERT INTO `likes` (`id`, `user_like_id`, `post_like_id`, `photos_like_id`, `comments_like_id`) VALUES ('6', '6', '89', '46', '29');
INSERT INTO `likes` (`id`, `user_like_id`, `post_like_id`, `photos_like_id`, `comments_like_id`) VALUES ('7', '7', '90', '19', '11');
INSERT INTO `likes` (`id`, `user_like_id`, `post_like_id`, `photos_like_id`, `comments_like_id`) VALUES ('8', '8', '26', '16', '86');
INSERT INTO `likes` (`id`, `user_like_id`, `post_like_id`, `photos_like_id`, `comments_like_id`) VALUES ('9', '9', '8', '8', '79');
INSERT INTO `likes` (`id`, `user_like_id`, `post_like_id`, `photos_like_id`, `comments_like_id`) VALUES ('10', '10', '61', '8', '35');
INSERT INTO `likes` (`id`, `user_like_id`, `post_like_id`, `photos_like_id`, `comments_like_id`) VALUES ('11', '11', '77', '96', '26');
INSERT INTO `likes` (`id`, `user_like_id`, `post_like_id`, `photos_like_id`, `comments_like_id`) VALUES ('12', '12', '97', '25', '76');
INSERT INTO `likes` (`id`, `user_like_id`, `post_like_id`, `photos_like_id`, `comments_like_id`) VALUES ('13', '13', '22', '97', '40');
INSERT INTO `likes` (`id`, `user_like_id`, `post_like_id`, `photos_like_id`, `comments_like_id`) VALUES ('14', '14', '26', '65', '40');
INSERT INTO `likes` (`id`, `user_like_id`, `post_like_id`, `photos_like_id`, `comments_like_id`) VALUES ('15', '15', '97', '86', '84');
INSERT INTO `likes` (`id`, `user_like_id`, `post_like_id`, `photos_like_id`, `comments_like_id`) VALUES ('16', '16', '38', '75', '29');
INSERT INTO `likes` (`id`, `user_like_id`, `post_like_id`, `photos_like_id`, `comments_like_id`) VALUES ('17', '17', '66', '64', '48');
INSERT INTO `likes` (`id`, `user_like_id`, `post_like_id`, `photos_like_id`, `comments_like_id`) VALUES ('18', '18', '76', '89', '64');
INSERT INTO `likes` (`id`, `user_like_id`, `post_like_id`, `photos_like_id`, `comments_like_id`) VALUES ('19', '19', '61', '97', '71');
INSERT INTO `likes` (`id`, `user_like_id`, `post_like_id`, `photos_like_id`, `comments_like_id`) VALUES ('20', '20', '40', '58', '79');
INSERT INTO `likes` (`id`, `user_like_id`, `post_like_id`, `photos_like_id`, `comments_like_id`) VALUES ('21', '21', '74', '34', '74');
INSERT INTO `likes` (`id`, `user_like_id`, `post_like_id`, `photos_like_id`, `comments_like_id`) VALUES ('22', '22', '100', '31', '99');
INSERT INTO `likes` (`id`, `user_like_id`, `post_like_id`, `photos_like_id`, `comments_like_id`) VALUES ('23', '23', '76', '53', '96');
INSERT INTO `likes` (`id`, `user_like_id`, `post_like_id`, `photos_like_id`, `comments_like_id`) VALUES ('24', '24', '15', '78', '60');
INSERT INTO `likes` (`id`, `user_like_id`, `post_like_id`, `photos_like_id`, `comments_like_id`) VALUES ('25', '25', '55', '75', '46');
INSERT INTO `likes` (`id`, `user_like_id`, `post_like_id`, `photos_like_id`, `comments_like_id`) VALUES ('26', '26', '39', '12', '20');
INSERT INTO `likes` (`id`, `user_like_id`, `post_like_id`, `photos_like_id`, `comments_like_id`) VALUES ('27', '27', '68', '77', '84');
INSERT INTO `likes` (`id`, `user_like_id`, `post_like_id`, `photos_like_id`, `comments_like_id`) VALUES ('28', '28', '15', '53', '72');
INSERT INTO `likes` (`id`, `user_like_id`, `post_like_id`, `photos_like_id`, `comments_like_id`) VALUES ('29', '29', '79', '13', '69');
INSERT INTO `likes` (`id`, `user_like_id`, `post_like_id`, `photos_like_id`, `comments_like_id`) VALUES ('30', '30', '50', '53', '26');
INSERT INTO `likes` (`id`, `user_like_id`, `post_like_id`, `photos_like_id`, `comments_like_id`) VALUES ('31', '31', '28', '26', '60');
INSERT INTO `likes` (`id`, `user_like_id`, `post_like_id`, `photos_like_id`, `comments_like_id`) VALUES ('32', '32', '2', '26', '90');
INSERT INTO `likes` (`id`, `user_like_id`, `post_like_id`, `photos_like_id`, `comments_like_id`) VALUES ('33', '33', '1', '1', '43');
INSERT INTO `likes` (`id`, `user_like_id`, `post_like_id`, `photos_like_id`, `comments_like_id`) VALUES ('34', '34', '96', '15', '20');
INSERT INTO `likes` (`id`, `user_like_id`, `post_like_id`, `photos_like_id`, `comments_like_id`) VALUES ('35', '35', '56', '69', '95');
INSERT INTO `likes` (`id`, `user_like_id`, `post_like_id`, `photos_like_id`, `comments_like_id`) VALUES ('36', '36', '1', '8', '6');
INSERT INTO `likes` (`id`, `user_like_id`, `post_like_id`, `photos_like_id`, `comments_like_id`) VALUES ('37', '37', '21', '75', '83');
INSERT INTO `likes` (`id`, `user_like_id`, `post_like_id`, `photos_like_id`, `comments_like_id`) VALUES ('38', '38', '4', '90', '35');
INSERT INTO `likes` (`id`, `user_like_id`, `post_like_id`, `photos_like_id`, `comments_like_id`) VALUES ('39', '39', '76', '68', '48');
INSERT INTO `likes` (`id`, `user_like_id`, `post_like_id`, `photos_like_id`, `comments_like_id`) VALUES ('40', '40', '44', '18', '100');
INSERT INTO `likes` (`id`, `user_like_id`, `post_like_id`, `photos_like_id`, `comments_like_id`) VALUES ('41', '41', '69', '45', '26');
INSERT INTO `likes` (`id`, `user_like_id`, `post_like_id`, `photos_like_id`, `comments_like_id`) VALUES ('42', '42', '29', '47', '51');
INSERT INTO `likes` (`id`, `user_like_id`, `post_like_id`, `photos_like_id`, `comments_like_id`) VALUES ('43', '43', '18', '47', '52');
INSERT INTO `likes` (`id`, `user_like_id`, `post_like_id`, `photos_like_id`, `comments_like_id`) VALUES ('44', '44', '60', '43', '66');
INSERT INTO `likes` (`id`, `user_like_id`, `post_like_id`, `photos_like_id`, `comments_like_id`) VALUES ('45', '45', '80', '98', '35');
INSERT INTO `likes` (`id`, `user_like_id`, `post_like_id`, `photos_like_id`, `comments_like_id`) VALUES ('46', '46', '74', '99', '42');
INSERT INTO `likes` (`id`, `user_like_id`, `post_like_id`, `photos_like_id`, `comments_like_id`) VALUES ('47', '47', '80', '20', '16');
INSERT INTO `likes` (`id`, `user_like_id`, `post_like_id`, `photos_like_id`, `comments_like_id`) VALUES ('48', '48', '62', '24', '6');
INSERT INTO `likes` (`id`, `user_like_id`, `post_like_id`, `photos_like_id`, `comments_like_id`) VALUES ('49', '49', '97', '100', '73');
INSERT INTO `likes` (`id`, `user_like_id`, `post_like_id`, `photos_like_id`, `comments_like_id`) VALUES ('50', '50', '45', '44', '90');
INSERT INTO `likes` (`id`, `user_like_id`, `post_like_id`, `photos_like_id`, `comments_like_id`) VALUES ('51', '51', '44', '13', '35');
INSERT INTO `likes` (`id`, `user_like_id`, `post_like_id`, `photos_like_id`, `comments_like_id`) VALUES ('52', '52', '70', '41', '82');
INSERT INTO `likes` (`id`, `user_like_id`, `post_like_id`, `photos_like_id`, `comments_like_id`) VALUES ('53', '53', '21', '58', '29');
INSERT INTO `likes` (`id`, `user_like_id`, `post_like_id`, `photos_like_id`, `comments_like_id`) VALUES ('54', '54', '72', '18', '71');
INSERT INTO `likes` (`id`, `user_like_id`, `post_like_id`, `photos_like_id`, `comments_like_id`) VALUES ('55', '55', '38', '98', '69');
INSERT INTO `likes` (`id`, `user_like_id`, `post_like_id`, `photos_like_id`, `comments_like_id`) VALUES ('56', '56', '73', '72', '67');
INSERT INTO `likes` (`id`, `user_like_id`, `post_like_id`, `photos_like_id`, `comments_like_id`) VALUES ('57', '57', '14', '51', '87');
INSERT INTO `likes` (`id`, `user_like_id`, `post_like_id`, `photos_like_id`, `comments_like_id`) VALUES ('58', '58', '30', '13', '10');
INSERT INTO `likes` (`id`, `user_like_id`, `post_like_id`, `photos_like_id`, `comments_like_id`) VALUES ('59', '59', '35', '9', '9');
INSERT INTO `likes` (`id`, `user_like_id`, `post_like_id`, `photos_like_id`, `comments_like_id`) VALUES ('60', '60', '8', '53', '52');
INSERT INTO `likes` (`id`, `user_like_id`, `post_like_id`, `photos_like_id`, `comments_like_id`) VALUES ('61', '61', '98', '97', '64');
INSERT INTO `likes` (`id`, `user_like_id`, `post_like_id`, `photos_like_id`, `comments_like_id`) VALUES ('62', '62', '33', '66', '4');
INSERT INTO `likes` (`id`, `user_like_id`, `post_like_id`, `photos_like_id`, `comments_like_id`) VALUES ('63', '63', '14', '87', '62');
INSERT INTO `likes` (`id`, `user_like_id`, `post_like_id`, `photos_like_id`, `comments_like_id`) VALUES ('64', '64', '43', '58', '80');
INSERT INTO `likes` (`id`, `user_like_id`, `post_like_id`, `photos_like_id`, `comments_like_id`) VALUES ('65', '65', '14', '95', '77');
INSERT INTO `likes` (`id`, `user_like_id`, `post_like_id`, `photos_like_id`, `comments_like_id`) VALUES ('66', '66', '82', '67', '49');
INSERT INTO `likes` (`id`, `user_like_id`, `post_like_id`, `photos_like_id`, `comments_like_id`) VALUES ('67', '67', '49', '81', '99');
INSERT INTO `likes` (`id`, `user_like_id`, `post_like_id`, `photos_like_id`, `comments_like_id`) VALUES ('68', '68', '35', '11', '12');
INSERT INTO `likes` (`id`, `user_like_id`, `post_like_id`, `photos_like_id`, `comments_like_id`) VALUES ('69', '69', '44', '46', '20');
INSERT INTO `likes` (`id`, `user_like_id`, `post_like_id`, `photos_like_id`, `comments_like_id`) VALUES ('70', '70', '53', '54', '73');
INSERT INTO `likes` (`id`, `user_like_id`, `post_like_id`, `photos_like_id`, `comments_like_id`) VALUES ('71', '71', '5', '51', '70');
INSERT INTO `likes` (`id`, `user_like_id`, `post_like_id`, `photos_like_id`, `comments_like_id`) VALUES ('72', '72', '69', '84', '36');
INSERT INTO `likes` (`id`, `user_like_id`, `post_like_id`, `photos_like_id`, `comments_like_id`) VALUES ('73', '73', '72', '98', '22');
INSERT INTO `likes` (`id`, `user_like_id`, `post_like_id`, `photos_like_id`, `comments_like_id`) VALUES ('74', '74', '34', '40', '80');
INSERT INTO `likes` (`id`, `user_like_id`, `post_like_id`, `photos_like_id`, `comments_like_id`) VALUES ('75', '75', '14', '53', '74');
INSERT INTO `likes` (`id`, `user_like_id`, `post_like_id`, `photos_like_id`, `comments_like_id`) VALUES ('76', '76', '91', '35', '41');
INSERT INTO `likes` (`id`, `user_like_id`, `post_like_id`, `photos_like_id`, `comments_like_id`) VALUES ('77', '77', '39', '83', '22');
INSERT INTO `likes` (`id`, `user_like_id`, `post_like_id`, `photos_like_id`, `comments_like_id`) VALUES ('78', '78', '38', '17', '33');
INSERT INTO `likes` (`id`, `user_like_id`, `post_like_id`, `photos_like_id`, `comments_like_id`) VALUES ('79', '79', '49', '61', '79');
INSERT INTO `likes` (`id`, `user_like_id`, `post_like_id`, `photos_like_id`, `comments_like_id`) VALUES ('80', '80', '69', '14', '32');
INSERT INTO `likes` (`id`, `user_like_id`, `post_like_id`, `photos_like_id`, `comments_like_id`) VALUES ('81', '81', '41', '18', '83');
INSERT INTO `likes` (`id`, `user_like_id`, `post_like_id`, `photos_like_id`, `comments_like_id`) VALUES ('82', '82', '11', '86', '66');
INSERT INTO `likes` (`id`, `user_like_id`, `post_like_id`, `photos_like_id`, `comments_like_id`) VALUES ('83', '83', '46', '58', '64');
INSERT INTO `likes` (`id`, `user_like_id`, `post_like_id`, `photos_like_id`, `comments_like_id`) VALUES ('84', '84', '67', '92', '3');
INSERT INTO `likes` (`id`, `user_like_id`, `post_like_id`, `photos_like_id`, `comments_like_id`) VALUES ('85', '85', '46', '5', '56');
INSERT INTO `likes` (`id`, `user_like_id`, `post_like_id`, `photos_like_id`, `comments_like_id`) VALUES ('86', '86', '20', '95', '90');
INSERT INTO `likes` (`id`, `user_like_id`, `post_like_id`, `photos_like_id`, `comments_like_id`) VALUES ('87', '87', '61', '34', '72');
INSERT INTO `likes` (`id`, `user_like_id`, `post_like_id`, `photos_like_id`, `comments_like_id`) VALUES ('88', '88', '83', '71', '89');
INSERT INTO `likes` (`id`, `user_like_id`, `post_like_id`, `photos_like_id`, `comments_like_id`) VALUES ('89', '89', '16', '19', '50');
INSERT INTO `likes` (`id`, `user_like_id`, `post_like_id`, `photos_like_id`, `comments_like_id`) VALUES ('90', '90', '94', '87', '63');
INSERT INTO `likes` (`id`, `user_like_id`, `post_like_id`, `photos_like_id`, `comments_like_id`) VALUES ('91', '91', '25', '28', '80');
INSERT INTO `likes` (`id`, `user_like_id`, `post_like_id`, `photos_like_id`, `comments_like_id`) VALUES ('92', '92', '8', '38', '66');
INSERT INTO `likes` (`id`, `user_like_id`, `post_like_id`, `photos_like_id`, `comments_like_id`) VALUES ('93', '93', '73', '84', '24');
INSERT INTO `likes` (`id`, `user_like_id`, `post_like_id`, `photos_like_id`, `comments_like_id`) VALUES ('94', '94', '37', '50', '15');
INSERT INTO `likes` (`id`, `user_like_id`, `post_like_id`, `photos_like_id`, `comments_like_id`) VALUES ('95', '95', '39', '96', '20');
INSERT INTO `likes` (`id`, `user_like_id`, `post_like_id`, `photos_like_id`, `comments_like_id`) VALUES ('96', '96', '95', '16', '14');
INSERT INTO `likes` (`id`, `user_like_id`, `post_like_id`, `photos_like_id`, `comments_like_id`) VALUES ('97', '97', '85', '77', '48');
INSERT INTO `likes` (`id`, `user_like_id`, `post_like_id`, `photos_like_id`, `comments_like_id`) VALUES ('98', '98', '57', '59', '18');
INSERT INTO `likes` (`id`, `user_like_id`, `post_like_id`, `photos_like_id`, `comments_like_id`) VALUES ('99', '99', '45', '74', '37');
INSERT INTO `likes` (`id`, `user_like_id`, `post_like_id`, `photos_like_id`, `comments_like_id`) VALUES ('100', '100', '94', '68', '23');


#
# TABLE STRUCTURE FOR: messages
#

DROP TABLE IF EXISTS `messages`;

CREATE TABLE `messages` (
  `id` bigint(20) unsigned NOT NULL AUTO_INCREMENT,
  `from_user_id` bigint(20) unsigned NOT NULL,
  `to_user_id` bigint(20) unsigned NOT NULL,
  `body` text COLLATE utf8_unicode_ci DEFAULT NULL,
  `is_read` tinyint(1) DEFAULT 0,
  `created_at` datetime DEFAULT current_timestamp(),
  PRIMARY KEY (`id`),
  KEY `from_user_id` (`from_user_id`),
  KEY `to_user_id` (`to_user_id`),
  CONSTRAINT `messages_ibfk_1` FOREIGN KEY (`from_user_id`) REFERENCES `users` (`id`),
  CONSTRAINT `messages_ibfk_2` FOREIGN KEY (`to_user_id`) REFERENCES `users` (`id`)
) ENGINE=InnoDB AUTO_INCREMENT=101 DEFAULT CHARSET=utf8 COLLATE=utf8_unicode_ci;

INSERT INTO `messages` (`id`, `from_user_id`, `to_user_id`, `body`, `is_read`, `created_at`) VALUES ('1', '1', '72', 'Nam cumque consequatur commodi minima vero quos. Numquam dolore alias et voluptatibus voluptatem. Est dignissimos culpa rerum aut non. Occaecati provident aspernatur et sed.', 1, '1983-03-28 15:57:02');
INSERT INTO `messages` (`id`, `from_user_id`, `to_user_id`, `body`, `is_read`, `created_at`) VALUES ('2', '2', '33', 'Distinctio tempora qui illo commodi est est. Omnis pariatur aliquid deserunt itaque alias aut. Maiores recusandae sed quidem nesciunt. Quaerat quis possimus nisi commodi blanditiis. Delectus aliquid velit sapiente ea ipsam magnam asperiores.', 0, '2013-07-08 03:49:24');
INSERT INTO `messages` (`id`, `from_user_id`, `to_user_id`, `body`, `is_read`, `created_at`) VALUES ('3', '3', '26', 'Qui perferendis ut facilis. Sed rem perferendis quia quae esse numquam. Dolor sed soluta error ad voluptas hic. Corporis fuga in sed ut ducimus praesentium iusto architecto. Error quaerat neque omnis temporibus.', 0, '1992-01-04 14:02:29');
INSERT INTO `messages` (`id`, `from_user_id`, `to_user_id`, `body`, `is_read`, `created_at`) VALUES ('4', '4', '8', 'Facere eligendi perferendis maiores provident repellat voluptatibus. Corporis illo inventore voluptas dignissimos iste eaque tenetur. Quas id ut magnam. Tempore aperiam facilis molestias dolores quisquam esse.', 0, '1997-09-19 14:29:42');
INSERT INTO `messages` (`id`, `from_user_id`, `to_user_id`, `body`, `is_read`, `created_at`) VALUES ('5', '5', '71', 'Totam temporibus maxime reiciendis. Et voluptas veritatis dolor corrupti corporis deserunt corporis. Explicabo impedit vel qui qui error magnam.', 1, '1990-04-02 20:23:57');
INSERT INTO `messages` (`id`, `from_user_id`, `to_user_id`, `body`, `is_read`, `created_at`) VALUES ('6', '6', '92', 'Libero possimus commodi officia suscipit inventore porro est ex. Ea sint animi eveniet nemo eveniet qui. Vero sunt sint sed optio alias sit corrupti saepe. Cupiditate in tempora est beatae porro voluptatem non.', 1, '1974-11-19 03:28:54');
INSERT INTO `messages` (`id`, `from_user_id`, `to_user_id`, `body`, `is_read`, `created_at`) VALUES ('7', '7', '49', 'Blanditiis facere repellat velit perferendis ex eligendi. Optio sunt incidunt fugit sunt alias est. Harum expedita quaerat aut non pariatur.', 1, '2011-12-26 15:27:15');
INSERT INTO `messages` (`id`, `from_user_id`, `to_user_id`, `body`, `is_read`, `created_at`) VALUES ('8', '8', '36', 'Ut fugiat exercitationem repellat doloremque dolorum voluptatem. Aut culpa facilis et ut. Quaerat enim est eos. Minus beatae quia labore omnis. Quia reiciendis nostrum debitis nisi vel non maxime.', 1, '1973-11-26 07:44:51');
INSERT INTO `messages` (`id`, `from_user_id`, `to_user_id`, `body`, `is_read`, `created_at`) VALUES ('9', '9', '70', 'Est est ut dolores doloribus deserunt. Temporibus non autem id repudiandae adipisci quod repellat. Temporibus eum ducimus nihil tempora.', 0, '1998-07-08 12:27:39');
INSERT INTO `messages` (`id`, `from_user_id`, `to_user_id`, `body`, `is_read`, `created_at`) VALUES ('10', '10', '5', 'Et perspiciatis nisi est asperiores. Voluptas sed harum distinctio maxime. Soluta laboriosam molestias facere voluptates et. Ut et ut quo quisquam velit.', 0, '2012-09-24 22:12:24');
INSERT INTO `messages` (`id`, `from_user_id`, `to_user_id`, `body`, `is_read`, `created_at`) VALUES ('11', '11', '22', 'Porro voluptas id qui qui. Atque quos ut illum. Distinctio asperiores doloremque tempora sit ea et.', 1, '2004-10-23 21:16:19');
INSERT INTO `messages` (`id`, `from_user_id`, `to_user_id`, `body`, `is_read`, `created_at`) VALUES ('12', '12', '5', 'Cupiditate nostrum qui maxime. Vel explicabo distinctio velit consequatur. Omnis autem impedit esse esse accusantium minus excepturi aspernatur.', 1, '1998-09-28 14:07:47');
INSERT INTO `messages` (`id`, `from_user_id`, `to_user_id`, `body`, `is_read`, `created_at`) VALUES ('13', '13', '84', 'Ut modi dolor sint ut. Ullam iure ipsam impedit accusamus illum adipisci. Non a facere unde quia recusandae. Saepe voluptas perferendis rerum delectus nemo ad adipisci.', 1, '1980-01-04 14:19:22');
INSERT INTO `messages` (`id`, `from_user_id`, `to_user_id`, `body`, `is_read`, `created_at`) VALUES ('14', '14', '29', 'Consequatur veniam facilis magni atque sed iste molestias. Autem quis nostrum ut porro aut. Perferendis officia quia atque omnis a excepturi. Iusto tenetur ducimus voluptas voluptas.', 0, '2005-08-20 08:45:12');
INSERT INTO `messages` (`id`, `from_user_id`, `to_user_id`, `body`, `is_read`, `created_at`) VALUES ('15', '15', '77', 'Maxime ut sit labore. Enim sunt aut nulla fugit. Libero quasi tempora autem aut. Perspiciatis quidem quo consequatur.', 0, '2006-11-28 04:11:58');
INSERT INTO `messages` (`id`, `from_user_id`, `to_user_id`, `body`, `is_read`, `created_at`) VALUES ('16', '16', '56', 'Et ullam eveniet rerum veritatis. Nemo ut magni non laborum ut. Voluptatem sapiente tenetur esse harum voluptatem et ratione. Neque ducimus minima beatae et sit velit veniam.', 0, '2016-11-29 11:21:48');
INSERT INTO `messages` (`id`, `from_user_id`, `to_user_id`, `body`, `is_read`, `created_at`) VALUES ('17', '17', '18', 'Dolore placeat officiis qui omnis temporibus beatae qui ad. Incidunt corporis omnis animi. Et asperiores fugit quidem sed reiciendis mollitia dicta.', 1, '2018-07-24 18:17:34');
INSERT INTO `messages` (`id`, `from_user_id`, `to_user_id`, `body`, `is_read`, `created_at`) VALUES ('18', '18', '99', 'Quia velit eum beatae impedit reprehenderit. Eveniet laudantium quaerat aspernatur ea quod qui omnis iure. Illum dignissimos maiores iste eos.', 1, '1981-03-04 00:04:33');
INSERT INTO `messages` (`id`, `from_user_id`, `to_user_id`, `body`, `is_read`, `created_at`) VALUES ('19', '19', '58', 'Amet necessitatibus quaerat dolor. Eos molestiae iure dolorum libero distinctio quam. Eos modi libero maxime quis aliquid nihil omnis. Esse dolor quia delectus sint expedita culpa.', 0, '1987-05-19 17:12:41');
INSERT INTO `messages` (`id`, `from_user_id`, `to_user_id`, `body`, `is_read`, `created_at`) VALUES ('20', '20', '56', 'Corrupti autem non et ut ea voluptatem. Corrupti placeat aut quia voluptas maiores dolor. Ducimus iste rem dolor placeat non assumenda iusto. A quod ut exercitationem.', 1, '2008-07-18 08:41:53');
INSERT INTO `messages` (`id`, `from_user_id`, `to_user_id`, `body`, `is_read`, `created_at`) VALUES ('21', '21', '22', 'Aut dolores quod vero et ut id et. Fugit voluptatum facilis quia soluta. Quaerat sequi aut iusto iure debitis iste. Eos quidem magni vitae qui incidunt.', 1, '1989-03-03 15:14:47');
INSERT INTO `messages` (`id`, `from_user_id`, `to_user_id`, `body`, `is_read`, `created_at`) VALUES ('22', '22', '29', 'Nulla sint odit voluptatum doloremque. Quis placeat eius voluptas sit sed quasi sequi. Est vero nobis placeat vel. Optio impedit nihil nostrum iure.', 1, '1982-02-14 05:59:09');
INSERT INTO `messages` (`id`, `from_user_id`, `to_user_id`, `body`, `is_read`, `created_at`) VALUES ('23', '23', '2', 'Explicabo dolorum quibusdam velit cumque ipsam. Sed dignissimos commodi perferendis modi sunt quis laudantium enim. Dolor molestiae omnis beatae soluta omnis.', 1, '1988-04-27 02:04:40');
INSERT INTO `messages` (`id`, `from_user_id`, `to_user_id`, `body`, `is_read`, `created_at`) VALUES ('24', '24', '72', 'Eligendi eius et excepturi alias. Ab reiciendis libero autem modi.', 1, '2018-04-09 00:35:11');
INSERT INTO `messages` (`id`, `from_user_id`, `to_user_id`, `body`, `is_read`, `created_at`) VALUES ('25', '25', '90', 'Totam voluptatum quasi et cum sit. Pariatur suscipit qui et non nam hic et. Possimus nisi vel aut sed qui. Quis voluptas hic sed voluptas. Dolorum alias cumque est sed commodi accusamus.', 0, '1973-10-05 02:19:15');
INSERT INTO `messages` (`id`, `from_user_id`, `to_user_id`, `body`, `is_read`, `created_at`) VALUES ('26', '26', '18', 'Occaecati ut sit omnis accusamus molestiae. Consectetur accusamus qui dolores quo sed. Provident facere aliquam neque id molestiae magnam. Molestiae est debitis quia.', 1, '2019-02-01 20:42:11');
INSERT INTO `messages` (`id`, `from_user_id`, `to_user_id`, `body`, `is_read`, `created_at`) VALUES ('27', '27', '52', 'Atque beatae et omnis. Omnis inventore ab pariatur. Magni magni qui quas ut aut mollitia amet. Quo facilis quam quae dolores. Impedit sunt cumque nesciunt nemo nobis.', 0, '2008-11-10 22:44:11');
INSERT INTO `messages` (`id`, `from_user_id`, `to_user_id`, `body`, `is_read`, `created_at`) VALUES ('28', '28', '14', 'Sed possimus nulla enim dignissimos ut sit. Tempore pariatur excepturi est ab quia nesciunt illum. Maxime rem id et eveniet magnam aut rerum et.', 0, '2001-10-23 09:39:25');
INSERT INTO `messages` (`id`, `from_user_id`, `to_user_id`, `body`, `is_read`, `created_at`) VALUES ('29', '29', '23', 'Enim maxime nemo ullam saepe amet cupiditate. Aut quia est neque consequatur. Minima in est quo et maiores et nihil. Nemo ea deserunt quia quo temporibus.', 1, '2013-05-18 00:22:26');
INSERT INTO `messages` (`id`, `from_user_id`, `to_user_id`, `body`, `is_read`, `created_at`) VALUES ('30', '30', '21', 'Veritatis est aliquam omnis quidem. Deserunt qui enim voluptas et pariatur.', 0, '2009-04-21 03:52:47');
INSERT INTO `messages` (`id`, `from_user_id`, `to_user_id`, `body`, `is_read`, `created_at`) VALUES ('31', '31', '55', 'Cupiditate consequuntur culpa sed facilis eligendi hic voluptates. Distinctio ipsum et quia sunt doloremque. Ratione id sunt expedita ipsa.', 0, '1977-11-02 11:21:26');
INSERT INTO `messages` (`id`, `from_user_id`, `to_user_id`, `body`, `is_read`, `created_at`) VALUES ('32', '32', '94', 'Culpa ducimus voluptates est unde deserunt. Aut qui fuga dolores dolor rem quisquam expedita. Dolorum rerum fugiat velit quaerat ea.', 0, '1974-01-22 01:15:44');
INSERT INTO `messages` (`id`, `from_user_id`, `to_user_id`, `body`, `is_read`, `created_at`) VALUES ('33', '33', '54', 'Ducimus nobis voluptatem enim molestiae. Mollitia illo exercitationem nemo libero voluptas. Nisi ut maiores natus ipsam quae et officia ullam.', 1, '1981-06-01 05:47:57');
INSERT INTO `messages` (`id`, `from_user_id`, `to_user_id`, `body`, `is_read`, `created_at`) VALUES ('34', '34', '80', 'Quaerat omnis mollitia sed voluptates assumenda. Nisi qui illo neque corporis doloremque sed sit.', 0, '1979-05-31 22:34:59');
INSERT INTO `messages` (`id`, `from_user_id`, `to_user_id`, `body`, `is_read`, `created_at`) VALUES ('35', '35', '2', 'Enim sunt fugit dolorem ab. Aut occaecati molestiae cumque praesentium voluptatibus eos. Omnis repudiandae dolor iusto doloremque veniam. Reprehenderit repellendus beatae est possimus quasi fuga.', 0, '2013-09-28 11:05:42');
INSERT INTO `messages` (`id`, `from_user_id`, `to_user_id`, `body`, `is_read`, `created_at`) VALUES ('36', '36', '25', 'Architecto fugiat sunt ab est deserunt est labore maiores. Est rerum blanditiis eveniet sed. Omnis consequatur quia rerum saepe sit sed sunt.', 0, '2002-05-23 19:03:47');
INSERT INTO `messages` (`id`, `from_user_id`, `to_user_id`, `body`, `is_read`, `created_at`) VALUES ('37', '37', '71', 'Veritatis doloribus beatae deleniti sunt beatae commodi. Ex nobis repellat veritatis voluptatum. Iusto est nisi assumenda enim.', 0, '1995-04-22 23:46:33');
INSERT INTO `messages` (`id`, `from_user_id`, `to_user_id`, `body`, `is_read`, `created_at`) VALUES ('38', '38', '50', 'Quis aut harum modi impedit exercitationem. Voluptatem tempora occaecati illum officiis velit est dicta accusamus. Unde commodi eius quia voluptatem ut et.', 1, '2001-12-05 11:54:43');
INSERT INTO `messages` (`id`, `from_user_id`, `to_user_id`, `body`, `is_read`, `created_at`) VALUES ('39', '39', '60', 'Iste eius in id eveniet. Voluptatibus sit expedita at libero praesentium repudiandae sed ipsam. Eveniet eveniet temporibus eveniet pariatur.', 1, '2013-09-16 16:29:17');
INSERT INTO `messages` (`id`, `from_user_id`, `to_user_id`, `body`, `is_read`, `created_at`) VALUES ('40', '40', '41', 'Nulla fugit sunt ullam nobis exercitationem saepe pariatur. Harum sit aut qui pariatur corrupti dolore sed. Nulla occaecati consequatur vero vel voluptatem error. Aperiam consequuntur rerum laudantium.', 1, '1989-10-05 09:39:52');
INSERT INTO `messages` (`id`, `from_user_id`, `to_user_id`, `body`, `is_read`, `created_at`) VALUES ('41', '41', '55', 'Maxime ut quas esse aliquid voluptatum nihil quam. Ut corporis quasi odio et ex. Fugiat porro tenetur voluptatem omnis iure deserunt deleniti. Aut assumenda dolorem est.', 1, '1982-10-26 21:54:52');
INSERT INTO `messages` (`id`, `from_user_id`, `to_user_id`, `body`, `is_read`, `created_at`) VALUES ('42', '42', '82', 'Et sit temporibus illum eum amet similique. Dicta adipisci laborum quia sunt quis est. Amet libero impedit molestiae sed reprehenderit vel mollitia. Consequatur pariatur explicabo aliquam est.', 0, '1992-11-24 14:24:32');
INSERT INTO `messages` (`id`, `from_user_id`, `to_user_id`, `body`, `is_read`, `created_at`) VALUES ('43', '43', '46', 'Molestiae asperiores explicabo vel corporis qui ut eos. Atque est non quidem. Ullam est sunt molestiae. Iure magni saepe ex sit corrupti.', 1, '1983-04-23 03:02:09');
INSERT INTO `messages` (`id`, `from_user_id`, `to_user_id`, `body`, `is_read`, `created_at`) VALUES ('44', '44', '38', 'Qui saepe sit a aperiam recusandae. Rem quia provident est veniam nihil libero. Inventore aut maxime et aut. Voluptate quas quasi qui.', 0, '1979-11-12 00:12:30');
INSERT INTO `messages` (`id`, `from_user_id`, `to_user_id`, `body`, `is_read`, `created_at`) VALUES ('45', '45', '10', 'Et voluptate voluptates quaerat eveniet amet ad. Voluptatem aut vel aspernatur voluptatem. Nesciunt adipisci et aperiam nemo atque voluptatem nostrum veniam. In quasi blanditiis consequuntur dignissimos modi aspernatur.', 1, '2018-11-25 19:36:50');
INSERT INTO `messages` (`id`, `from_user_id`, `to_user_id`, `body`, `is_read`, `created_at`) VALUES ('46', '46', '22', 'Et aliquam eum voluptatem eveniet. Architecto incidunt et quos assumenda voluptas inventore totam. Et iusto eius sint quis.', 0, '2005-12-08 04:09:17');
INSERT INTO `messages` (`id`, `from_user_id`, `to_user_id`, `body`, `is_read`, `created_at`) VALUES ('47', '47', '93', 'Aperiam aut sed tempora id quia rerum consequatur. Delectus neque nobis et facere doloremque saepe.', 0, '1984-03-14 16:23:10');
INSERT INTO `messages` (`id`, `from_user_id`, `to_user_id`, `body`, `is_read`, `created_at`) VALUES ('48', '48', '27', 'Sit nihil architecto alias exercitationem provident. Aspernatur non id perferendis non accusantium. Laborum magnam ullam aspernatur esse est expedita. Corrupti velit non et necessitatibus corrupti.', 1, '2003-08-02 17:30:34');
INSERT INTO `messages` (`id`, `from_user_id`, `to_user_id`, `body`, `is_read`, `created_at`) VALUES ('49', '49', '21', 'Excepturi in in dolor laboriosam voluptatum veniam. Voluptas sit fuga non similique magnam laboriosam porro. Adipisci qui tempore vero voluptatum occaecati molestiae vitae ut. Distinctio nulla nulla inventore iusto. Veniam earum sequi cupiditate aut vel suscipit.', 1, '2013-06-10 10:26:29');
INSERT INTO `messages` (`id`, `from_user_id`, `to_user_id`, `body`, `is_read`, `created_at`) VALUES ('50', '50', '51', 'Iusto id qui omnis nulla nostrum corrupti ad quo. Ut omnis veritatis corrupti excepturi nobis suscipit reiciendis. Quos minima quo nisi aperiam quasi doloremque possimus.', 0, '1974-01-15 18:16:04');
INSERT INTO `messages` (`id`, `from_user_id`, `to_user_id`, `body`, `is_read`, `created_at`) VALUES ('51', '51', '83', 'Recusandae harum sed odio libero voluptates vel voluptatem ea. Maxime aliquam laudantium ut itaque inventore qui nemo sit.', 0, '1999-07-21 02:47:58');
INSERT INTO `messages` (`id`, `from_user_id`, `to_user_id`, `body`, `is_read`, `created_at`) VALUES ('52', '52', '43', 'Hic unde delectus ut explicabo quibusdam est. Consequatur dignissimos ullam qui et ipsum facilis facere. Suscipit eaque sapiente ea quidem fuga dolor.', 1, '2009-06-17 12:45:39');
INSERT INTO `messages` (`id`, `from_user_id`, `to_user_id`, `body`, `is_read`, `created_at`) VALUES ('53', '53', '79', 'Tenetur ea voluptatum dolorum officia assumenda. Est consequatur aliquam incidunt. Minus hic vero tempore.', 0, '1985-07-16 08:54:11');
INSERT INTO `messages` (`id`, `from_user_id`, `to_user_id`, `body`, `is_read`, `created_at`) VALUES ('54', '54', '84', 'Asperiores voluptates eius dolorem repellat est id earum. Vitae ad vitae architecto quis. Doloribus voluptatum aut qui consequatur. Labore aliquam consequatur aspernatur ullam atque fugit ipsa.', 0, '1991-08-08 15:45:56');
INSERT INTO `messages` (`id`, `from_user_id`, `to_user_id`, `body`, `is_read`, `created_at`) VALUES ('55', '55', '14', 'Accusantium quas est ratione et. Possimus at et architecto et.', 1, '2006-04-22 05:43:30');
INSERT INTO `messages` (`id`, `from_user_id`, `to_user_id`, `body`, `is_read`, `created_at`) VALUES ('56', '56', '69', 'Quaerat nihil fugit facilis qui asperiores nemo. Quo ipsa expedita ullam omnis ex. Accusamus quia asperiores iure quo praesentium quo cumque. Totam dolorem voluptas aspernatur quibusdam exercitationem qui itaque voluptatem.', 1, '1986-04-06 18:45:46');
INSERT INTO `messages` (`id`, `from_user_id`, `to_user_id`, `body`, `is_read`, `created_at`) VALUES ('57', '57', '2', 'Quasi molestiae repudiandae quidem eum sapiente. Laudantium ipsa dolores et ullam dolores est. Earum vitae eligendi id doloremque pariatur. Quasi ea temporibus aut qui.', 0, '1986-08-04 01:51:51');
INSERT INTO `messages` (`id`, `from_user_id`, `to_user_id`, `body`, `is_read`, `created_at`) VALUES ('58', '58', '66', 'Ipsa maxime voluptatibus neque aut iusto soluta molestiae. Rerum minus impedit necessitatibus quaerat repellendus recusandae. Nemo quos dolore minus aut molestiae omnis.', 0, '1978-05-26 00:43:21');
INSERT INTO `messages` (`id`, `from_user_id`, `to_user_id`, `body`, `is_read`, `created_at`) VALUES ('59', '59', '82', 'At ut esse voluptatum natus et ipsum sint rerum. Expedita voluptas quo mollitia nihil deleniti iure sed.', 0, '1997-01-19 13:59:15');
INSERT INTO `messages` (`id`, `from_user_id`, `to_user_id`, `body`, `is_read`, `created_at`) VALUES ('60', '60', '24', 'Aut possimus nemo ut impedit eum quia. Atque et facilis et culpa. Perspiciatis hic sint aut eum expedita tempore voluptas repellendus. Nobis sunt sint ut aliquam eos.', 1, '2014-05-23 22:52:24');
INSERT INTO `messages` (`id`, `from_user_id`, `to_user_id`, `body`, `is_read`, `created_at`) VALUES ('61', '61', '86', 'Eos omnis suscipit aperiam ad ea a eum. Repellat quidem voluptatem iure molestias quo. Asperiores minus voluptatibus quibusdam omnis officiis accusantium provident ea. Pariatur molestiae et eum aliquam aut maiores.', 0, '1982-12-03 16:42:08');
INSERT INTO `messages` (`id`, `from_user_id`, `to_user_id`, `body`, `is_read`, `created_at`) VALUES ('62', '62', '36', 'Facilis corrupti similique minus odit ad deserunt. Non illum id optio aut. Ut repellat quia voluptatem non placeat suscipit. Voluptatem ut maxime tempora quia voluptas inventore quia fuga.', 0, '1979-11-29 11:20:20');
INSERT INTO `messages` (`id`, `from_user_id`, `to_user_id`, `body`, `is_read`, `created_at`) VALUES ('63', '63', '18', 'Omnis omnis modi eum amet culpa. Sint totam ea voluptas iusto praesentium. Dolores ipsam voluptatem quibusdam ipsum porro.', 1, '1985-10-25 15:49:52');
INSERT INTO `messages` (`id`, `from_user_id`, `to_user_id`, `body`, `is_read`, `created_at`) VALUES ('64', '64', '40', 'Voluptatem non sint molestias atque. Illo totam minus quia sed fugit omnis quas quasi. Possimus architecto iste corporis quo porro laborum. Sed omnis pariatur quis ipsa inventore.', 1, '1995-08-07 11:26:06');
INSERT INTO `messages` (`id`, `from_user_id`, `to_user_id`, `body`, `is_read`, `created_at`) VALUES ('65', '65', '16', 'Ut nostrum dolorem unde autem commodi. Facere deleniti est omnis voluptatibus. Officiis libero placeat vel quo.', 0, '2004-04-07 16:49:07');
INSERT INTO `messages` (`id`, `from_user_id`, `to_user_id`, `body`, `is_read`, `created_at`) VALUES ('66', '66', '20', 'Possimus similique et eum optio in aspernatur dicta. Accusamus dolores sunt alias voluptatem provident qui. Porro ipsum ut doloremque perspiciatis et sequi incidunt.', 1, '1976-06-15 21:16:47');
INSERT INTO `messages` (`id`, `from_user_id`, `to_user_id`, `body`, `is_read`, `created_at`) VALUES ('67', '67', '64', 'Sit velit sed tempore omnis sint. Hic assumenda deleniti reiciendis nam dignissimos facere. Eum eos deleniti pariatur. Et eveniet repellendus vel quos sequi.', 1, '2002-12-07 00:42:41');
INSERT INTO `messages` (`id`, `from_user_id`, `to_user_id`, `body`, `is_read`, `created_at`) VALUES ('68', '68', '86', 'Voluptatem autem omnis velit enim aut quis at. Dolorum odit quasi consequatur qui mollitia sint. Aut molestiae aut officiis qui voluptas soluta qui.', 0, '2007-03-08 10:30:58');
INSERT INTO `messages` (`id`, `from_user_id`, `to_user_id`, `body`, `is_read`, `created_at`) VALUES ('69', '69', '69', 'Similique enim hic est quam rerum amet provident. Molestias occaecati magni tempore fugiat. Occaecati id est ex sequi in. Dicta nulla velit quo maiores qui non.', 1, '1979-03-15 18:13:07');
INSERT INTO `messages` (`id`, `from_user_id`, `to_user_id`, `body`, `is_read`, `created_at`) VALUES ('70', '70', '24', 'Vitae quisquam autem et ut doloribus. Est id cum aliquam laudantium voluptatem quos.', 1, '1979-01-12 20:00:05');
INSERT INTO `messages` (`id`, `from_user_id`, `to_user_id`, `body`, `is_read`, `created_at`) VALUES ('71', '71', '27', 'Optio atque id et enim perferendis. Quia dolores perspiciatis ad nesciunt dolores molestiae. A quisquam illum cumque consequuntur veniam.', 1, '2005-04-03 02:40:59');
INSERT INTO `messages` (`id`, `from_user_id`, `to_user_id`, `body`, `is_read`, `created_at`) VALUES ('72', '72', '24', 'Dolorum earum quia corporis laborum doloribus. Atque velit quo tenetur sapiente voluptate porro quis. Sint sed quas tempore velit minus placeat sint.', 1, '1982-02-04 15:04:34');
INSERT INTO `messages` (`id`, `from_user_id`, `to_user_id`, `body`, `is_read`, `created_at`) VALUES ('73', '73', '5', 'Sed culpa atque nam vero sunt nihil sed. Assumenda nostrum reiciendis quo qui.', 0, '2003-07-25 11:23:42');
INSERT INTO `messages` (`id`, `from_user_id`, `to_user_id`, `body`, `is_read`, `created_at`) VALUES ('74', '74', '72', 'Et ducimus hic qui nulla fuga. Sed ea placeat perferendis omnis. Molestiae omnis enim sit dignissimos consectetur illum. Dolor dignissimos omnis maxime ut.', 1, '2020-07-10 21:02:29');
INSERT INTO `messages` (`id`, `from_user_id`, `to_user_id`, `body`, `is_read`, `created_at`) VALUES ('75', '75', '62', 'Nihil in voluptatum sed quibusdam id. Quo ratione eaque quia odio ut impedit. Quos perferendis deleniti inventore ut.', 0, '1989-08-02 05:51:38');
INSERT INTO `messages` (`id`, `from_user_id`, `to_user_id`, `body`, `is_read`, `created_at`) VALUES ('76', '76', '14', 'Aut quasi quia sapiente unde voluptas tempora voluptas. Repellat sit est vero sit. Rerum commodi ut necessitatibus suscipit aut natus inventore. Nihil sed totam impedit molestiae quasi.', 0, '1971-10-30 09:53:33');
INSERT INTO `messages` (`id`, `from_user_id`, `to_user_id`, `body`, `is_read`, `created_at`) VALUES ('77', '77', '94', 'Cumque fuga et iste. Et ut quis necessitatibus sed accusamus dolorem. Ad quos minima sit dolor est incidunt nisi ipsam.', 0, '2006-04-22 02:03:27');
INSERT INTO `messages` (`id`, `from_user_id`, `to_user_id`, `body`, `is_read`, `created_at`) VALUES ('78', '78', '54', 'Vel cumque recusandae quaerat. Voluptatem explicabo nulla autem necessitatibus modi qui.', 0, '2001-12-29 04:58:52');
INSERT INTO `messages` (`id`, `from_user_id`, `to_user_id`, `body`, `is_read`, `created_at`) VALUES ('79', '79', '41', 'Soluta culpa pariatur rerum sint distinctio est. Quia ad excepturi impedit voluptatem quia et voluptates. Vitae doloribus voluptatibus unde quaerat deserunt reprehenderit sapiente.', 1, '2008-05-15 03:48:59');
INSERT INTO `messages` (`id`, `from_user_id`, `to_user_id`, `body`, `is_read`, `created_at`) VALUES ('80', '80', '14', 'Et deleniti voluptatem est. Nemo aut iure ut voluptate doloribus odit in tempora. Id officia quam eaque sapiente. Sed laboriosam vel iusto iusto voluptatem.', 1, '2016-01-19 10:03:58');
INSERT INTO `messages` (`id`, `from_user_id`, `to_user_id`, `body`, `is_read`, `created_at`) VALUES ('81', '81', '5', 'Et labore maxime exercitationem. Ullam et et aliquam voluptate repellendus quasi corrupti porro. Natus facilis dolore reiciendis eos similique doloribus quos.', 1, '1990-09-01 05:41:19');
INSERT INTO `messages` (`id`, `from_user_id`, `to_user_id`, `body`, `is_read`, `created_at`) VALUES ('82', '82', '24', 'Sint unde similique laboriosam inventore. Aut at eos dolore exercitationem sapiente omnis quos. Deserunt eius velit alias est ipsam. Nihil sit velit consectetur ab.', 1, '2020-09-16 19:19:08');
INSERT INTO `messages` (`id`, `from_user_id`, `to_user_id`, `body`, `is_read`, `created_at`) VALUES ('83', '83', '57', 'Fuga alias laboriosam ut et soluta eum eum. In ut est autem quis non beatae aliquam. Voluptatem ratione distinctio sit illo dolorum illo.', 0, '1984-09-17 08:17:25');
INSERT INTO `messages` (`id`, `from_user_id`, `to_user_id`, `body`, `is_read`, `created_at`) VALUES ('84', '84', '83', 'Tenetur ut rerum eum delectus velit. In quis soluta quia. Consequuntur soluta recusandae fugit fuga pariatur dolore quia.', 0, '1975-01-08 02:31:52');
INSERT INTO `messages` (`id`, `from_user_id`, `to_user_id`, `body`, `is_read`, `created_at`) VALUES ('85', '85', '8', 'Nobis qui in in ipsum libero aliquid. Tenetur qui voluptatem vitae quo eos voluptas. Ut inventore provident error harum odio. Dolores nostrum enim est sit assumenda qui.', 0, '2003-12-27 11:53:29');
INSERT INTO `messages` (`id`, `from_user_id`, `to_user_id`, `body`, `is_read`, `created_at`) VALUES ('86', '86', '71', 'Et delectus nihil magnam accusantium molestiae nesciunt ut. Aperiam a repudiandae saepe enim nihil incidunt occaecati. Et sint quasi dolores nobis. Eius aut natus voluptas modi.', 0, '1998-05-31 03:21:34');
INSERT INTO `messages` (`id`, `from_user_id`, `to_user_id`, `body`, `is_read`, `created_at`) VALUES ('87', '87', '51', 'Unde minima sed ut ullam officiis velit. Illo quo culpa cum odit minima dolor fugit. Assumenda commodi velit ut debitis sint. Dolor molestiae nulla aut non.', 0, '1984-05-08 19:56:38');
INSERT INTO `messages` (`id`, `from_user_id`, `to_user_id`, `body`, `is_read`, `created_at`) VALUES ('88', '88', '9', 'Odio dolore non adipisci vel est. Harum tempora iusto quia. Illum numquam facere est ipsum.', 1, '1996-04-05 04:36:12');
INSERT INTO `messages` (`id`, `from_user_id`, `to_user_id`, `body`, `is_read`, `created_at`) VALUES ('89', '89', '36', 'Modi hic harum autem inventore. Sed laudantium vitae aspernatur assumenda. Molestiae hic qui et et.', 1, '1974-05-30 16:30:23');
INSERT INTO `messages` (`id`, `from_user_id`, `to_user_id`, `body`, `is_read`, `created_at`) VALUES ('90', '90', '33', 'Velit non consectetur tempora molestias. Consequuntur voluptatem facilis consectetur omnis ex vero ea facilis. Porro culpa delectus quidem. Eum quod et nobis ratione harum. Provident dolores quo sequi rerum.', 0, '2004-09-03 00:51:39');
INSERT INTO `messages` (`id`, `from_user_id`, `to_user_id`, `body`, `is_read`, `created_at`) VALUES ('91', '91', '33', 'Accusamus molestiae fugit aut cupiditate non quaerat occaecati. Vitae dolorem molestiae quia. Adipisci id minima fuga.', 1, '1991-07-26 15:17:21');
INSERT INTO `messages` (`id`, `from_user_id`, `to_user_id`, `body`, `is_read`, `created_at`) VALUES ('92', '92', '22', 'Eligendi eveniet ea pariatur animi molestiae nam numquam. Blanditiis necessitatibus excepturi molestiae consequatur perspiciatis. Modi dicta ut velit debitis saepe qui. Placeat ratione nesciunt nemo consectetur aut.', 0, '1977-04-20 20:05:27');
INSERT INTO `messages` (`id`, `from_user_id`, `to_user_id`, `body`, `is_read`, `created_at`) VALUES ('93', '93', '69', 'Est sit excepturi expedita quasi ipsum quis debitis. Saepe atque eligendi voluptate pariatur velit. Vero odit aut distinctio qui et sapiente. Nesciunt repellendus et provident. Voluptas hic fugit veritatis ut nostrum praesentium.', 0, '2012-01-03 19:27:07');
INSERT INTO `messages` (`id`, `from_user_id`, `to_user_id`, `body`, `is_read`, `created_at`) VALUES ('94', '94', '50', 'Hic voluptatem eos minus ut suscipit molestiae nulla sit. Nihil soluta eaque reiciendis sunt asperiores aut voluptatibus. Molestias est voluptate ea cupiditate debitis eius et.', 1, '1972-03-02 04:58:07');
INSERT INTO `messages` (`id`, `from_user_id`, `to_user_id`, `body`, `is_read`, `created_at`) VALUES ('95', '95', '61', 'Aperiam minus at error autem iste. Quia et exercitationem vel amet ab est. Dolorem architecto qui natus in blanditiis repudiandae.', 0, '2019-07-24 17:56:29');
INSERT INTO `messages` (`id`, `from_user_id`, `to_user_id`, `body`, `is_read`, `created_at`) VALUES ('96', '96', '84', 'Quis ut non vel minima id est esse aut. Et officiis ea eum autem qui. Asperiores perferendis quos fugit error dolor maiores.', 0, '1995-07-03 06:17:33');
INSERT INTO `messages` (`id`, `from_user_id`, `to_user_id`, `body`, `is_read`, `created_at`) VALUES ('97', '97', '69', 'Odit id et eum voluptatibus sed ut quo. Molestias corrupti et eum doloremque ex. Eos voluptas eveniet ut blanditiis praesentium laudantium. Ducimus ea incidunt eius suscipit autem est commodi beatae.', 1, '1988-06-08 15:26:26');
INSERT INTO `messages` (`id`, `from_user_id`, `to_user_id`, `body`, `is_read`, `created_at`) VALUES ('98', '98', '25', 'Modi et quod amet perspiciatis in illum. Eaque dicta vel facilis nihil itaque suscipit. Adipisci odit quam et ea debitis.', 1, '1986-08-29 16:14:15');
INSERT INTO `messages` (`id`, `from_user_id`, `to_user_id`, `body`, `is_read`, `created_at`) VALUES ('99', '99', '70', 'Quis illum aut ut iure aliquam quis. Fugiat possimus qui quia et sapiente. Cupiditate beatae facere quo dolorem ipsa rerum consectetur.', 1, '1995-02-20 09:07:07');
INSERT INTO `messages` (`id`, `from_user_id`, `to_user_id`, `body`, `is_read`, `created_at`) VALUES ('100', '100', '38', 'Qui dignissimos animi illum nostrum labore cupiditate debitis. Nulla reprehenderit perspiciatis porro modi voluptate voluptates magnam. Adipisci voluptate alias minus qui non voluptate temporibus.', 0, '1997-01-27 11:11:07');


#
# TABLE STRUCTURE FOR: photos
#

DROP TABLE IF EXISTS `photos`;

CREATE TABLE `photos` (
  `id` bigint(20) unsigned NOT NULL AUTO_INCREMENT,
  `user_id` bigint(20) unsigned NOT NULL,
  `description` text COLLATE utf8_unicode_ci DEFAULT NULL,
  `filename` varchar(250) COLLATE utf8_unicode_ci DEFAULT NULL,
  PRIMARY KEY (`id`),
  KEY `user_id` (`user_id`),
  CONSTRAINT `photos_ibfk_1` FOREIGN KEY (`user_id`) REFERENCES `users` (`id`)
) ENGINE=InnoDB AUTO_INCREMENT=101 DEFAULT CHARSET=utf8 COLLATE=utf8_unicode_ci;

INSERT INTO `photos` (`id`, `user_id`, `description`, `filename`) VALUES ('1', '1', 'Tempora in nostrum voluptates est laborum. Sint et aliquid vero.', 'sit');
INSERT INTO `photos` (`id`, `user_id`, `description`, `filename`) VALUES ('2', '2', 'Et temporibus impedit itaque qui qui quia itaque. Doloremque sed aut quo praesentium doloremque nihil. Aut voluptas atque modi qui et.', 'fuga');
INSERT INTO `photos` (`id`, `user_id`, `description`, `filename`) VALUES ('3', '3', 'Ducimus tenetur blanditiis quis. In suscipit aperiam quaerat voluptas atque. Consequatur nisi et perspiciatis non rerum deserunt nemo. Voluptas cum aut magnam omnis a deleniti reprehenderit dolores.', 'sapiente');
INSERT INTO `photos` (`id`, `user_id`, `description`, `filename`) VALUES ('4', '4', 'Commodi explicabo excepturi commodi laborum sed minus tempore. Ratione accusamus sequi omnis impedit dolorem quia voluptatibus. Rerum ut doloribus delectus ducimus sint accusamus. Rem maiores incidunt distinctio aut ipsa quo.', 'quae');
INSERT INTO `photos` (`id`, `user_id`, `description`, `filename`) VALUES ('5', '5', 'Non dolorum libero magnam delectus ab. Non atque quos et laboriosam voluptatem officia sed doloribus. Dolores veritatis est porro aspernatur. In libero natus nesciunt tempora illo quis.', 'veniam');
INSERT INTO `photos` (`id`, `user_id`, `description`, `filename`) VALUES ('6', '6', 'Fugiat soluta est est laboriosam qui ea deleniti neque. Cumque aut dolore perferendis. Excepturi tenetur est quas soluta minima dicta. Et reprehenderit aut omnis architecto qui assumenda assumenda eligendi.', 'tempora');
INSERT INTO `photos` (`id`, `user_id`, `description`, `filename`) VALUES ('7', '7', 'Perspiciatis enim quo sunt iusto inventore recusandae. Ducimus voluptas fuga nulla laborum tempora et harum. Quas dignissimos explicabo nemo excepturi aspernatur temporibus. Expedita corrupti doloribus non veniam neque aut laboriosam.', 'id');
INSERT INTO `photos` (`id`, `user_id`, `description`, `filename`) VALUES ('8', '8', 'Facere aut sint voluptate quia quis iure fugiat. Mollitia tenetur tenetur distinctio id deleniti quia qui. Sunt pariatur temporibus quam.', 'odit');
INSERT INTO `photos` (`id`, `user_id`, `description`, `filename`) VALUES ('9', '9', 'Iure et itaque qui et. Natus deleniti quia voluptas sed et. Illo similique hic in voluptas. Possimus maiores sunt rerum qui necessitatibus deserunt quo.', 'consectetur');
INSERT INTO `photos` (`id`, `user_id`, `description`, `filename`) VALUES ('10', '10', 'Accusamus harum quia molestiae dolorum aut fugiat. Est animi eos aut omnis ut nisi. Dolor sit rerum perspiciatis.', 'sunt');
INSERT INTO `photos` (`id`, `user_id`, `description`, `filename`) VALUES ('11', '11', 'Possimus totam dolor vel vitae similique quos voluptatibus. Optio numquam at non nihil eum. Animi corrupti totam doloribus quaerat aut nemo nihil.', 'consequuntur');
INSERT INTO `photos` (`id`, `user_id`, `description`, `filename`) VALUES ('12', '12', 'Repellendus perspiciatis et et hic sed. Aut impedit aut sunt dolores libero mollitia id est. Fugiat quo id minus temporibus. Aut occaecati ipsam quis ipsa quis impedit.', 'repellat');
INSERT INTO `photos` (`id`, `user_id`, `description`, `filename`) VALUES ('13', '13', 'Incidunt accusantium dolores illum fugiat exercitationem esse. Qui dolore quae consectetur illo quasi quod. Iste aut excepturi deserunt veritatis minus et labore.', 'quod');
INSERT INTO `photos` (`id`, `user_id`, `description`, `filename`) VALUES ('14', '14', 'Cupiditate nobis beatae iste veniam. Ea error id facilis sint. Dolores sunt officiis voluptatem ut dolor. Expedita autem dolores nihil consequatur aut sapiente.', 'sit');
INSERT INTO `photos` (`id`, `user_id`, `description`, `filename`) VALUES ('15', '15', 'Est atque sapiente nemo ab dolorem provident. Repudiandae vel deleniti explicabo ex dolores. Exercitationem et eius deleniti excepturi iusto a. Repellat nisi rerum et ab vel aliquam.', 'excepturi');
INSERT INTO `photos` (`id`, `user_id`, `description`, `filename`) VALUES ('16', '16', 'Et odit aliquam alias eos est voluptas. Dolores quaerat iusto magni delectus maiores. Nobis voluptate est dolorem voluptatem. Nobis vero consectetur ut soluta quos.', 'est');
INSERT INTO `photos` (`id`, `user_id`, `description`, `filename`) VALUES ('17', '17', 'Et voluptatem non explicabo voluptatem omnis et ratione. Molestiae soluta autem illum iusto sequi dolores. Nesciunt velit aspernatur molestias quae.', 'nulla');
INSERT INTO `photos` (`id`, `user_id`, `description`, `filename`) VALUES ('18', '18', 'Quo omnis alias itaque reiciendis. Facilis mollitia molestiae quia qui et ab. Libero dicta esse sed sed dolores ipsum.', 'ex');
INSERT INTO `photos` (`id`, `user_id`, `description`, `filename`) VALUES ('19', '19', 'Aut corrupti unde temporibus explicabo aliquid aut totam. Itaque omnis qui tempora voluptas commodi ut minima. In voluptatem harum id ab omnis.', 'sed');
INSERT INTO `photos` (`id`, `user_id`, `description`, `filename`) VALUES ('20', '20', 'Ullam repellendus recusandae aperiam dolore possimus dicta aut. Consequatur dolor illum qui debitis. Expedita animi et sit accusamus consequatur minima. Consequuntur quo et molestiae aut ut magni dolorem. Harum qui consequatur sit laborum eum qui quis.', 'earum');
INSERT INTO `photos` (`id`, `user_id`, `description`, `filename`) VALUES ('21', '21', 'Animi aliquam inventore omnis magni. Libero nostrum molestiae iste et numquam suscipit. Culpa omnis autem animi consequatur ipsam quis a.', 'porro');
INSERT INTO `photos` (`id`, `user_id`, `description`, `filename`) VALUES ('22', '22', 'Dolores enim voluptatem animi consequatur natus dolores eos. Voluptatem sunt culpa laborum aut occaecati.', 'odio');
INSERT INTO `photos` (`id`, `user_id`, `description`, `filename`) VALUES ('23', '23', 'Amet nostrum aut quia sed. Atque officia reiciendis quia expedita adipisci adipisci vitae quas. Voluptas quos a aliquid odit eos perferendis porro.', 'natus');
INSERT INTO `photos` (`id`, `user_id`, `description`, `filename`) VALUES ('24', '24', 'Impedit illo deleniti aut ea distinctio. Assumenda voluptas quo earum voluptas. Earum magnam sit ipsam illum assumenda repudiandae consequatur. Nihil magnam et optio et provident. Beatae veritatis vero voluptatibus nihil sed.', 'quia');
INSERT INTO `photos` (`id`, `user_id`, `description`, `filename`) VALUES ('25', '25', 'Nisi excepturi nulla sint sit sint. Quod nihil hic laborum. Voluptatem sed consequatur laborum asperiores fuga sed rerum. Dicta reprehenderit eum provident odit.', 'fuga');
INSERT INTO `photos` (`id`, `user_id`, `description`, `filename`) VALUES ('26', '26', 'Architecto dolores iusto non aperiam nobis nesciunt. Facere ut officia distinctio quis aut nihil. Odit perspiciatis rerum fugiat dolore quo ad ducimus.', 'voluptatem');
INSERT INTO `photos` (`id`, `user_id`, `description`, `filename`) VALUES ('27', '27', 'Rerum id dolorem nesciunt blanditiis. Voluptas ut laudantium ea ut ducimus saepe rerum. Eos non non aut iure voluptas eum.', 'deleniti');
INSERT INTO `photos` (`id`, `user_id`, `description`, `filename`) VALUES ('28', '28', 'Error qui explicabo aperiam reprehenderit est. Voluptate quisquam officiis magnam. Autem doloribus in fuga et voluptatem sequi. Aut qui in perferendis quis molestias ut.', 'cum');
INSERT INTO `photos` (`id`, `user_id`, `description`, `filename`) VALUES ('29', '29', 'Voluptatem a eius libero consequatur rem dolorem hic minima. Cupiditate fugiat doloribus quibusdam quae minus minima. Perspiciatis enim odit reiciendis soluta qui pariatur omnis. Fugiat hic autem qui eius beatae quia non ratione.', 'reiciendis');
INSERT INTO `photos` (`id`, `user_id`, `description`, `filename`) VALUES ('30', '30', 'Est ut accusantium excepturi iste aliquid. Voluptatem recusandae voluptate iure accusamus provident. Repellat ut nostrum voluptas amet. Voluptatum repellat et libero facilis dolorem quod voluptatem.', 'nam');
INSERT INTO `photos` (`id`, `user_id`, `description`, `filename`) VALUES ('31', '31', 'Et qui cupiditate enim et illo inventore. Occaecati omnis ipsum rerum perferendis ut est. Qui maxime ut fuga nihil occaecati eveniet.', 'architecto');
INSERT INTO `photos` (`id`, `user_id`, `description`, `filename`) VALUES ('32', '32', 'Quisquam corporis et vero eligendi ea et est. Eaque cumque reiciendis necessitatibus modi sit. Voluptates illum sit corrupti perspiciatis architecto omnis.', 'modi');
INSERT INTO `photos` (`id`, `user_id`, `description`, `filename`) VALUES ('33', '33', 'Aspernatur dolor assumenda rerum qui. Architecto iure distinctio saepe quaerat molestiae. Molestiae amet dolore omnis cupiditate. Repellat assumenda dolorem ut pariatur sunt repellendus.', 'consequatur');
INSERT INTO `photos` (`id`, `user_id`, `description`, `filename`) VALUES ('34', '34', 'Nesciunt et quisquam facere sit est rem. Ad molestiae voluptas quod labore laudantium omnis. Accusantium fugiat aut dolores laborum. Est rerum corrupti neque eligendi natus asperiores.', 'voluptatem');
INSERT INTO `photos` (`id`, `user_id`, `description`, `filename`) VALUES ('35', '35', 'Illum ullam velit quod est sed. Est veniam est libero velit dignissimos quia. Consequuntur hic est aperiam. Accusamus nulla ut voluptatibus similique perferendis ut iste.', 'enim');
INSERT INTO `photos` (`id`, `user_id`, `description`, `filename`) VALUES ('36', '36', 'Commodi dolorem id quibusdam voluptatem similique. Eum fugit necessitatibus nemo quod corporis non mollitia. Non iste quia culpa.', 'expedita');
INSERT INTO `photos` (`id`, `user_id`, `description`, `filename`) VALUES ('37', '37', 'Animi non reiciendis qui quas quia. Asperiores quam corrupti et maiores id. Amet iusto quis occaecati quis non in rerum.', 'aut');
INSERT INTO `photos` (`id`, `user_id`, `description`, `filename`) VALUES ('38', '38', 'Corrupti sed dolore asperiores rerum corporis placeat aspernatur. Et qui excepturi sit est. Aut deserunt illo pariatur praesentium quo asperiores.', 'ratione');
INSERT INTO `photos` (`id`, `user_id`, `description`, `filename`) VALUES ('39', '39', 'Voluptas vitae alias ducimus magnam et explicabo. Eius id qui error vitae error consequatur recusandae. Fugit eum architecto eum molestiae. Officiis voluptatibus assumenda a error est quo.', 'illum');
INSERT INTO `photos` (`id`, `user_id`, `description`, `filename`) VALUES ('40', '40', 'Tenetur iusto ad est. Occaecati cupiditate aperiam nostrum numquam earum numquam consectetur. Consequuntur rerum autem doloremque pariatur facere quae quam enim.', 'ut');
INSERT INTO `photos` (`id`, `user_id`, `description`, `filename`) VALUES ('41', '41', 'Amet expedita quos modi. Doloribus fugiat soluta iure nulla iusto. Delectus sunt harum eligendi exercitationem placeat sunt et.', 'impedit');
INSERT INTO `photos` (`id`, `user_id`, `description`, `filename`) VALUES ('42', '42', 'Neque quibusdam dolor rerum rerum. Numquam omnis possimus expedita repellendus sequi velit. Optio modi aut consequatur molestias et molestiae. Accusantium eveniet corporis dolores ad sit.', 'aliquid');
INSERT INTO `photos` (`id`, `user_id`, `description`, `filename`) VALUES ('43', '43', 'Rerum vero et necessitatibus minus. Facilis dicta corrupti provident sequi. Dolorum sed qui qui impedit non iure debitis nobis. Unde numquam porro et quam optio est asperiores dignissimos.', 'adipisci');
INSERT INTO `photos` (`id`, `user_id`, `description`, `filename`) VALUES ('44', '44', 'Nobis autem culpa omnis. Reiciendis praesentium quasi quisquam et numquam. Rerum et iusto voluptate ea.', 'necessitatibus');
INSERT INTO `photos` (`id`, `user_id`, `description`, `filename`) VALUES ('45', '45', 'Consequatur atque dolorem atque illum voluptas. Eaque iusto animi inventore qui reprehenderit. Dignissimos iste amet dolorum.', 'dolorum');
INSERT INTO `photos` (`id`, `user_id`, `description`, `filename`) VALUES ('46', '46', 'Similique maxime magnam non. Porro illo sed dolore sint. Aperiam voluptatem dolor exercitationem facere occaecati commodi veniam. Eum molestias similique libero aut.', 'occaecati');
INSERT INTO `photos` (`id`, `user_id`, `description`, `filename`) VALUES ('47', '47', 'Doloribus veniam cumque dignissimos. Fugiat fuga ut necessitatibus ex nostrum.', 'quibusdam');
INSERT INTO `photos` (`id`, `user_id`, `description`, `filename`) VALUES ('48', '48', 'Tempore sapiente dolorum natus quisquam iste consequatur consequuntur. Quisquam sequi ea iste voluptas animi. Iure accusantium nihil praesentium in ratione omnis a. Rerum ut modi ea aspernatur velit.', 'autem');
INSERT INTO `photos` (`id`, `user_id`, `description`, `filename`) VALUES ('49', '49', 'Hic accusantium doloremque exercitationem aut nemo aut. Placeat id quia velit incidunt non rerum. Cumque doloremque temporibus voluptas recusandae sint voluptatibus eius. Illum quis et quis delectus consequatur.', 'tempora');
INSERT INTO `photos` (`id`, `user_id`, `description`, `filename`) VALUES ('50', '50', 'Excepturi voluptatem voluptatibus labore deleniti nemo. Eum quaerat dolorum doloribus recusandae neque. Vitae minus architecto vel dolor quos.', 'laboriosam');
INSERT INTO `photos` (`id`, `user_id`, `description`, `filename`) VALUES ('51', '51', 'Sit ut dolor quae itaque. Fugiat optio vitae non maxime sapiente. Cum quis tenetur dolore laudantium. Praesentium quia est distinctio debitis corrupti ratione.', 'placeat');
INSERT INTO `photos` (`id`, `user_id`, `description`, `filename`) VALUES ('52', '52', 'Quis sunt aut ducimus animi doloribus. Voluptas rem sint aut ut temporibus ducimus. Perspiciatis voluptas beatae molestias accusamus temporibus modi. Quis dolores et suscipit qui ad et et. Corporis qui porro quia recusandae voluptate molestias.', 'deserunt');
INSERT INTO `photos` (`id`, `user_id`, `description`, `filename`) VALUES ('53', '53', 'Aut sit quae et rerum ut similique. Quo voluptatibus esse hic dolorum. Qui nobis non dolores laborum.', 'in');
INSERT INTO `photos` (`id`, `user_id`, `description`, `filename`) VALUES ('54', '54', 'Explicabo officia asperiores voluptatem non. Hic est et sed ut similique qui. Quo et voluptatem voluptate est molestiae.', 'illo');
INSERT INTO `photos` (`id`, `user_id`, `description`, `filename`) VALUES ('55', '55', 'Asperiores accusamus vel officia ut. Rem itaque veniam vero expedita praesentium. Et ipsa aut et nihil. Quia non impedit temporibus soluta dolore ducimus. Aut maxime laudantium unde quasi earum voluptatem ratione.', 'non');
INSERT INTO `photos` (`id`, `user_id`, `description`, `filename`) VALUES ('56', '56', 'Ut aut fuga sit non ut iusto. Quidem aut doloribus necessitatibus distinctio. At eum autem dolorem enim inventore aliquid autem quo.', 'aliquam');
INSERT INTO `photos` (`id`, `user_id`, `description`, `filename`) VALUES ('57', '57', 'Enim perferendis recusandae est non est nemo. Vitae beatae et autem totam tenetur nisi. Et quo eaque vel omnis quaerat ipsa.', 'rerum');
INSERT INTO `photos` (`id`, `user_id`, `description`, `filename`) VALUES ('58', '58', 'Mollitia doloremque doloremque blanditiis ut sed itaque. Quia temporibus aut accusantium aperiam. Voluptates ut accusantium reprehenderit aut assumenda voluptas repellendus dolor. Omnis laborum nobis consequatur impedit magni dolorum enim.', 'aut');
INSERT INTO `photos` (`id`, `user_id`, `description`, `filename`) VALUES ('59', '59', 'Ullam nobis quisquam laboriosam. Hic animi nihil tempore consequatur tempora quam. Ea sed accusantium delectus tempore qui assumenda corporis.', 'id');
INSERT INTO `photos` (`id`, `user_id`, `description`, `filename`) VALUES ('60', '60', 'Facilis nihil omnis vel consequatur veniam. Dolores odit maxime iste molestias modi. Optio dolores non ipsum accusantium quam voluptatibus in corrupti.', 'ut');
INSERT INTO `photos` (`id`, `user_id`, `description`, `filename`) VALUES ('61', '61', 'Qui est ut voluptatem explicabo assumenda eaque magni. Nisi ut harum reiciendis nisi. Nesciunt totam non odio temporibus sunt.', 'reprehenderit');
INSERT INTO `photos` (`id`, `user_id`, `description`, `filename`) VALUES ('62', '62', 'Incidunt ut ratione incidunt illum. Dolores est eaque veniam quae rem facilis. Sunt officiis cumque veniam eaque neque voluptatem dolorum provident.', 'voluptates');
INSERT INTO `photos` (`id`, `user_id`, `description`, `filename`) VALUES ('63', '63', 'Et possimus libero ut ratione sed. Aliquam veritatis et accusantium voluptatem enim voluptatem eum voluptatibus. Fugiat cum esse commodi ut sit.', 'iste');
INSERT INTO `photos` (`id`, `user_id`, `description`, `filename`) VALUES ('64', '64', 'Amet consequatur illum est qui. Esse sed sit ratione sed natus provident omnis. Dolor quasi saepe accusantium pariatur assumenda sed. Nihil totam ab temporibus eius.', 'maxime');
INSERT INTO `photos` (`id`, `user_id`, `description`, `filename`) VALUES ('65', '65', 'Officiis animi repudiandae animi deleniti temporibus. Sunt et eum quibusdam velit. Sit rerum laboriosam voluptatibus deleniti quisquam voluptas. Temporibus perspiciatis aut nulla id sed.', 'blanditiis');
INSERT INTO `photos` (`id`, `user_id`, `description`, `filename`) VALUES ('66', '66', 'Deserunt blanditiis itaque rerum aut dolorem omnis voluptate voluptatem. Minus animi doloribus sed nihil. Temporibus ut amet error optio ut. Corporis sunt aliquam consequuntur laboriosam nostrum eos.', 'quo');
INSERT INTO `photos` (`id`, `user_id`, `description`, `filename`) VALUES ('67', '67', 'Officia eveniet occaecati voluptate a error. Omnis reprehenderit aperiam et sed est optio.', 'animi');
INSERT INTO `photos` (`id`, `user_id`, `description`, `filename`) VALUES ('68', '68', 'Ullam debitis et enim eum. Maxime sapiente quos qui facere et illum qui. Illo maxime molestiae eos voluptatem quisquam.', 'sit');
INSERT INTO `photos` (`id`, `user_id`, `description`, `filename`) VALUES ('69', '69', 'Veniam quam commodi id qui qui laboriosam. Quas dolore exercitationem nam iusto est et. Aut vel sunt qui maiores. Laboriosam qui et accusantium sit. Aliquam aliquam quaerat quia delectus velit.', 'reiciendis');
INSERT INTO `photos` (`id`, `user_id`, `description`, `filename`) VALUES ('70', '70', 'Architecto maiores asperiores quia voluptas est esse deserunt. Odio libero deserunt ab non. Omnis rerum minus voluptatem magnam.', 'et');
INSERT INTO `photos` (`id`, `user_id`, `description`, `filename`) VALUES ('71', '71', 'Perferendis iste provident dicta quod eaque molestias dolorem aut. Et adipisci hic aliquid eum dolores aperiam dicta. Sit et occaecati dolorem. Odit illo vero sed.', 'reprehenderit');
INSERT INTO `photos` (`id`, `user_id`, `description`, `filename`) VALUES ('72', '72', 'Ab et et incidunt veritatis mollitia sequi ut. Explicabo consequatur assumenda et velit. Labore omnis et sed qui perferendis. Et eligendi rerum quas suscipit sit cumque et.', 'officia');
INSERT INTO `photos` (`id`, `user_id`, `description`, `filename`) VALUES ('73', '73', 'Rem temporibus voluptatem cupiditate voluptatibus maiores expedita ut. Sit id delectus occaecati sunt. Optio neque magnam rerum rerum aperiam. Est eaque provident iusto quidem modi et aut.', 'odio');
INSERT INTO `photos` (`id`, `user_id`, `description`, `filename`) VALUES ('74', '74', 'Iure sit cupiditate consequatur quaerat omnis dolorem. Alias esse dolorem numquam vero doloremque suscipit error omnis. Error sed sit consequatur similique quibusdam eligendi libero.', 'incidunt');
INSERT INTO `photos` (`id`, `user_id`, `description`, `filename`) VALUES ('75', '75', 'Sed et consequuntur eos quaerat. Inventore deserunt cupiditate in repellendus aut animi optio. Illo ut iste voluptatem. Aperiam impedit voluptatem placeat quasi aut accusantium. Non ut provident ipsa at perferendis quis officia atque.', 'rem');
INSERT INTO `photos` (`id`, `user_id`, `description`, `filename`) VALUES ('76', '76', 'Fugiat omnis inventore voluptates possimus aut id. Quasi sit consequuntur in voluptas vero.', 'itaque');
INSERT INTO `photos` (`id`, `user_id`, `description`, `filename`) VALUES ('77', '77', 'Beatae rem aperiam fugiat commodi totam vitae accusantium. Consequatur quia consequatur magni iste voluptatem sed dolore laboriosam. Aut consequatur pariatur odit ipsa deleniti.', 'quia');
INSERT INTO `photos` (`id`, `user_id`, `description`, `filename`) VALUES ('78', '78', 'Officia praesentium quis incidunt laboriosam culpa similique similique. Ut nisi minus voluptatibus. Adipisci et minima tempore excepturi voluptatem ullam.', 'et');
INSERT INTO `photos` (`id`, `user_id`, `description`, `filename`) VALUES ('79', '79', 'Consectetur facilis quae fugit soluta et. Natus quae sed rerum. Iure illum architecto debitis. Debitis sint occaecati necessitatibus atque maiores voluptatem amet.', 'repudiandae');
INSERT INTO `photos` (`id`, `user_id`, `description`, `filename`) VALUES ('80', '80', 'Itaque aspernatur libero id ut iure necessitatibus saepe. Id quae libero accusantium minima vel. Culpa id neque qui possimus officia expedita ipsam.', 'laudantium');
INSERT INTO `photos` (`id`, `user_id`, `description`, `filename`) VALUES ('81', '81', 'Quia ut accusantium et alias alias. Enim laboriosam incidunt voluptas dolore. Nihil possimus ducimus unde error.', 'iure');
INSERT INTO `photos` (`id`, `user_id`, `description`, `filename`) VALUES ('82', '82', 'Odit temporibus qui aspernatur non ipsum similique officia. Quod omnis voluptatem dolores est quas. Ut sed deserunt eum corrupti sed.', 'error');
INSERT INTO `photos` (`id`, `user_id`, `description`, `filename`) VALUES ('83', '83', 'Est aut consequatur totam voluptas odio voluptatem. Sit error et aut iure enim et. Vero expedita voluptatem perspiciatis omnis consequatur esse. Dolor velit omnis officiis accusamus eos ut in.', 'et');
INSERT INTO `photos` (`id`, `user_id`, `description`, `filename`) VALUES ('84', '84', 'Quos alias dolore quisquam possimus. Omnis aliquam consequuntur sint beatae neque ea. Et consequatur voluptatem est sit ea ducimus.', 'eum');
INSERT INTO `photos` (`id`, `user_id`, `description`, `filename`) VALUES ('85', '85', 'Est libero eum velit perspiciatis dolore consequatur. Qui dolore assumenda atque placeat autem maxime ducimus. Eos totam ullam ex eaque qui aspernatur. Debitis ea quia quia.', 'culpa');
INSERT INTO `photos` (`id`, `user_id`, `description`, `filename`) VALUES ('86', '86', 'Voluptatem pariatur veritatis optio. Quam voluptatem voluptatem et at eos. Porro quam accusamus exercitationem facere unde debitis. Molestias exercitationem temporibus et velit ut rerum.', 'praesentium');
INSERT INTO `photos` (`id`, `user_id`, `description`, `filename`) VALUES ('87', '87', 'Deserunt voluptas corporis fuga velit ratione labore. Consequatur asperiores tempora sint placeat. Sequi maiores officia non voluptatum blanditiis rem excepturi. Quia voluptatem harum omnis.', 'nam');
INSERT INTO `photos` (`id`, `user_id`, `description`, `filename`) VALUES ('88', '88', 'Commodi cumque mollitia voluptatem voluptates voluptatem. Sit aut et id totam saepe placeat alias.', 'beatae');
INSERT INTO `photos` (`id`, `user_id`, `description`, `filename`) VALUES ('89', '89', 'Ipsum quod sint dolores temporibus expedita eos dolor. Consequatur occaecati accusamus ad architecto quis explicabo rem.', 'unde');
INSERT INTO `photos` (`id`, `user_id`, `description`, `filename`) VALUES ('90', '90', 'Provident aut eaque autem accusantium hic. Reiciendis facere dicta itaque ab natus est dolorem consequatur. Sit ducimus tenetur exercitationem dolorem porro pariatur et et.', 'sit');
INSERT INTO `photos` (`id`, `user_id`, `description`, `filename`) VALUES ('91', '91', 'Non aut pariatur non laboriosam esse nesciunt pariatur. Vero aliquam tenetur error. Est ut laborum aut nobis expedita quis. Deleniti tenetur ut ea est dicta quis doloribus quisquam. Tenetur repudiandae rerum reiciendis iure quae pariatur.', 'corporis');
INSERT INTO `photos` (`id`, `user_id`, `description`, `filename`) VALUES ('92', '92', 'Non placeat repudiandae recusandae incidunt id. Maxime iusto quo itaque molestias maxime ullam repudiandae. Quia sit magni et aut necessitatibus.', 'ut');
INSERT INTO `photos` (`id`, `user_id`, `description`, `filename`) VALUES ('93', '93', 'Sint perferendis quia illo et. Sed pariatur repudiandae consectetur ut ratione eum. Quam sint laboriosam exercitationem amet. Quam dignissimos aliquid tenetur rerum unde dignissimos aliquid quia.', 'ipsa');
INSERT INTO `photos` (`id`, `user_id`, `description`, `filename`) VALUES ('94', '94', 'Molestiae dolore qui nulla. Velit reprehenderit totam corrupti voluptate cumque eos. Cum quo alias recusandae id quam. Nobis non voluptatem est autem exercitationem eaque in.', 'ex');
INSERT INTO `photos` (`id`, `user_id`, `description`, `filename`) VALUES ('95', '95', 'Sed nemo commodi ex earum modi modi. Quasi consequatur totam consequatur debitis. Voluptas delectus ea ab ut voluptas sit.', 'temporibus');
INSERT INTO `photos` (`id`, `user_id`, `description`, `filename`) VALUES ('96', '96', 'Molestias praesentium velit nisi atque repellendus. Facere vero consectetur aut. Quod amet eveniet enim rerum ducimus iusto voluptatem consequatur. Corrupti rem qui cum dolor fuga ullam.', 'consequatur');
INSERT INTO `photos` (`id`, `user_id`, `description`, `filename`) VALUES ('97', '97', 'Sed assumenda aperiam dolor repellat ut. Aut voluptatem amet et eaque. Ratione totam in sed nihil voluptas aut. Veniam sed est et inventore rem.', 'rerum');
INSERT INTO `photos` (`id`, `user_id`, `description`, `filename`) VALUES ('98', '98', 'Doloribus ut repudiandae aliquam facere. Aut asperiores quia ea aperiam nostrum aut. Nobis suscipit libero nostrum laborum enim. Labore corrupti consequatur vel placeat qui.', 'quo');
INSERT INTO `photos` (`id`, `user_id`, `description`, `filename`) VALUES ('99', '99', 'Fugit aperiam consequuntur accusantium quia eaque. Vel vero reprehenderit praesentium et facilis est sit. Qui est et perspiciatis laborum eum velit et dolorem. Non omnis eaque odio voluptatem possimus est et.', 'error');
INSERT INTO `photos` (`id`, `user_id`, `description`, `filename`) VALUES ('100', '100', 'Ut iste qui reiciendis aut ut. Excepturi nam non earum temporibus. Qui ut aut dolorem deleniti asperiores itaque. Atque corrupti deserunt atque quos quibusdam quaerat adipisci.', 'eos');


#
# TABLE STRUCTURE FOR: posts
#

DROP TABLE IF EXISTS `posts`;

CREATE TABLE `posts` (
  `id` bigint(20) unsigned NOT NULL AUTO_INCREMENT,
  `user_id` bigint(20) unsigned NOT NULL,
  `body` text COLLATE utf8_unicode_ci DEFAULT NULL,
  `metadata` longtext CHARACTER SET utf8mb4 COLLATE utf8mb4_bin DEFAULT NULL CHECK (json_valid(`metadata`)),
  `created_at` datetime DEFAULT current_timestamp(),
  `updated_at` datetime DEFAULT current_timestamp() ON UPDATE current_timestamp(),
  PRIMARY KEY (`id`),
  KEY `user_id` (`user_id`),
  CONSTRAINT `posts_ibfk_1` FOREIGN KEY (`user_id`) REFERENCES `users` (`id`)
) ENGINE=InnoDB AUTO_INCREMENT=101 DEFAULT CHARSET=utf8 COLLATE=utf8_unicode_ci;

INSERT INTO `posts` (`id`, `user_id`, `body`, `metadata`, `created_at`, `updated_at`) VALUES ('1', '1', 'Non iure hic omnis quas tenetur labore aut expedita. Ea quisquam doloribus voluptas laborum voluptatibus et. Aut dolorum sunt dolores earum. Eligendi ipsa rem ut laborum sint deserunt. Eligendi quae tempora nihil architecto iure cumque nulla.', NULL, '1990-03-11 01:05:48', '2015-08-25 16:33:55');
INSERT INTO `posts` (`id`, `user_id`, `body`, `metadata`, `created_at`, `updated_at`) VALUES ('2', '2', 'Sed amet aut sint non eos eaque. Facere fugit quibusdam sunt necessitatibus commodi vero ea. Quaerat maxime molestias quia rerum. Tenetur nihil ut possimus provident impedit laboriosam.', NULL, '1983-04-09 20:06:45', '2005-03-10 19:47:16');
INSERT INTO `posts` (`id`, `user_id`, `body`, `metadata`, `created_at`, `updated_at`) VALUES ('3', '3', 'Quia repellendus qui laborum soluta assumenda molestiae autem optio. Quod quis excepturi consectetur quod. Architecto velit commodi sint harum quo id ut.', NULL, '2004-03-04 17:08:34', '2016-05-28 09:46:01');
INSERT INTO `posts` (`id`, `user_id`, `body`, `metadata`, `created_at`, `updated_at`) VALUES ('4', '4', 'Et soluta laudantium incidunt eaque minus. Vel aliquam quia quis incidunt quaerat cumque. Cumque expedita molestias temporibus. Debitis voluptatibus voluptatibus modi expedita.', NULL, '2007-08-29 09:09:56', '1993-07-06 13:24:29');
INSERT INTO `posts` (`id`, `user_id`, `body`, `metadata`, `created_at`, `updated_at`) VALUES ('5', '5', 'Dignissimos voluptatibus quaerat ex. Ut in voluptates laborum harum illo incidunt et. Aut iusto velit odit in qui non. Modi deserunt unde ut non qui accusamus est.', NULL, '2005-11-24 16:18:08', '1984-05-17 22:34:24');
INSERT INTO `posts` (`id`, `user_id`, `body`, `metadata`, `created_at`, `updated_at`) VALUES ('6', '6', 'Ullam sequi dignissimos ut quo porro aperiam facilis. Laudantium ea quia animi incidunt est. Tempora sequi eveniet sed veniam hic aut ea.', NULL, '1987-03-31 22:58:08', '2003-10-19 05:32:31');
INSERT INTO `posts` (`id`, `user_id`, `body`, `metadata`, `created_at`, `updated_at`) VALUES ('7', '7', 'Autem temporibus vero voluptatibus aperiam odio. Consequatur perferendis quia sint earum in illo. Amet unde animi laborum enim impedit nulla cum. Ipsa suscipit est ipsam.', NULL, '2008-10-08 00:08:48', '2002-12-10 21:03:27');
INSERT INTO `posts` (`id`, `user_id`, `body`, `metadata`, `created_at`, `updated_at`) VALUES ('8', '8', 'Ut itaque quam id. Impedit qui alias quidem. Quas rerum dignissimos molestiae officia ipsum voluptate porro voluptate. Debitis sunt rerum reprehenderit sapiente non modi.', NULL, '2011-05-02 15:22:45', '2000-10-07 13:32:05');
INSERT INTO `posts` (`id`, `user_id`, `body`, `metadata`, `created_at`, `updated_at`) VALUES ('9', '9', 'Blanditiis asperiores ab unde modi et dolores. Sint nihil et provident corrupti qui nisi. Exercitationem deserunt temporibus consequuntur maiores omnis totam.', NULL, '2006-12-08 18:19:32', '2004-01-12 12:14:05');
INSERT INTO `posts` (`id`, `user_id`, `body`, `metadata`, `created_at`, `updated_at`) VALUES ('10', '10', 'Et vel minima est est dolores. Ad accusantium optio repellendus occaecati nisi quo ut voluptas. Dignissimos quis sint quis earum hic dolorem dolor odio.', NULL, '1989-01-13 04:50:16', '1992-08-18 03:53:45');
INSERT INTO `posts` (`id`, `user_id`, `body`, `metadata`, `created_at`, `updated_at`) VALUES ('11', '11', 'Cumque nam error est cum nesciunt distinctio illo vitae. Laboriosam et recusandae repudiandae laboriosam. Ex dicta error at voluptas commodi.', NULL, '2016-09-17 00:14:13', '2003-11-03 12:00:18');
INSERT INTO `posts` (`id`, `user_id`, `body`, `metadata`, `created_at`, `updated_at`) VALUES ('12', '12', 'Ea aliquid ab expedita incidunt alias aut. Inventore rerum in quidem nihil cum.', NULL, '1993-03-21 06:21:25', '1972-05-03 14:27:49');
INSERT INTO `posts` (`id`, `user_id`, `body`, `metadata`, `created_at`, `updated_at`) VALUES ('13', '13', 'Rerum eos sapiente laboriosam. Delectus ipsam provident occaecati nesciunt ratione deleniti. Laudantium rerum id quo sit mollitia voluptatibus dolorem similique.', NULL, '1993-02-19 17:40:56', '1984-03-09 14:22:11');
INSERT INTO `posts` (`id`, `user_id`, `body`, `metadata`, `created_at`, `updated_at`) VALUES ('14', '14', 'Et eos quo mollitia debitis dignissimos. Non qui cumque mollitia. Pariatur reiciendis debitis eos cumque.', NULL, '2011-08-28 09:36:12', '1989-12-31 23:40:37');
INSERT INTO `posts` (`id`, `user_id`, `body`, `metadata`, `created_at`, `updated_at`) VALUES ('15', '15', 'Quis sit quisquam sapiente fuga expedita consequuntur labore. Ut earum accusantium aut ut quis deserunt. Nihil atque perferendis in aut.', NULL, '2014-07-14 07:03:05', '1986-03-14 23:06:43');
INSERT INTO `posts` (`id`, `user_id`, `body`, `metadata`, `created_at`, `updated_at`) VALUES ('16', '16', 'Labore illum necessitatibus dolorem eaque voluptatem. Libero aspernatur quasi quia nulla beatae. Perspiciatis rerum aut saepe vel.', NULL, '1992-06-03 16:14:27', '1980-07-10 09:16:26');
INSERT INTO `posts` (`id`, `user_id`, `body`, `metadata`, `created_at`, `updated_at`) VALUES ('17', '17', 'Fugiat sed est sint consequatur molestiae. Vel est et aut at eius libero autem harum. Illum sunt laborum quos aut itaque.', NULL, '2018-07-09 02:03:14', '1970-01-05 05:35:53');
INSERT INTO `posts` (`id`, `user_id`, `body`, `metadata`, `created_at`, `updated_at`) VALUES ('18', '18', 'Dolorem aut quas consequuntur. Qui molestiae quae aut. Magnam dolorum nesciunt dolorem non.', NULL, '1972-07-07 05:41:57', '1984-08-16 04:28:47');
INSERT INTO `posts` (`id`, `user_id`, `body`, `metadata`, `created_at`, `updated_at`) VALUES ('19', '19', 'Qui et veritatis numquam placeat laboriosam eius dignissimos. Beatae minus aut sint quia sed. Quis dolor dolorum esse perspiciatis sed doloremque reprehenderit tempore. Minima voluptates voluptatem architecto sunt.', NULL, '2001-02-16 18:34:55', '1994-12-29 22:30:52');
INSERT INTO `posts` (`id`, `user_id`, `body`, `metadata`, `created_at`, `updated_at`) VALUES ('20', '20', 'Laudantium quaerat fugiat eum omnis. Et aut ducimus dolorum tenetur. Dolorum praesentium nihil fugiat neque sit. Quia nulla sit deserunt hic quia et dolor.', NULL, '2003-03-04 15:19:55', '1980-11-29 01:30:13');
INSERT INTO `posts` (`id`, `user_id`, `body`, `metadata`, `created_at`, `updated_at`) VALUES ('21', '21', 'Consequatur rerum quo iste molestiae doloremque reprehenderit nesciunt. Rem esse est modi asperiores cum beatae pariatur. Enim sint quam cumque sit quis aut voluptatibus.', NULL, '1970-07-02 00:31:28', '1981-10-18 07:09:50');
INSERT INTO `posts` (`id`, `user_id`, `body`, `metadata`, `created_at`, `updated_at`) VALUES ('22', '22', 'Rerum tenetur facilis molestiae voluptas et. Delectus atque reprehenderit et autem molestiae cupiditate distinctio. Dolorem non et in qui quis.', NULL, '1995-05-09 08:10:34', '1978-04-21 03:56:15');
INSERT INTO `posts` (`id`, `user_id`, `body`, `metadata`, `created_at`, `updated_at`) VALUES ('23', '23', 'In debitis necessitatibus consequatur cumque laboriosam. Neque consequuntur possimus voluptatem et eligendi temporibus et. Qui suscipit et non ea inventore quis dignissimos cumque.', NULL, '1992-03-01 23:36:51', '1988-10-11 14:59:43');
INSERT INTO `posts` (`id`, `user_id`, `body`, `metadata`, `created_at`, `updated_at`) VALUES ('24', '24', 'Esse incidunt ex vel possimus voluptas nihil quisquam. Impedit cupiditate velit eos voluptatibus omnis. Rem consequatur nam sapiente tenetur. Sed deserunt reprehenderit omnis in inventore ex.', NULL, '1980-03-20 12:51:33', '1974-08-14 08:49:57');
INSERT INTO `posts` (`id`, `user_id`, `body`, `metadata`, `created_at`, `updated_at`) VALUES ('25', '25', 'Aliquam esse est repellat ea. Et cumque labore repudiandae nesciunt dolorum sint. Placeat architecto eum veritatis odit omnis. Ipsam sed perspiciatis cupiditate tempore odit.', NULL, '1988-08-23 16:53:48', '2004-12-20 17:27:32');
INSERT INTO `posts` (`id`, `user_id`, `body`, `metadata`, `created_at`, `updated_at`) VALUES ('26', '26', 'Nesciunt ut velit dolorem omnis. Commodi perferendis aspernatur voluptas cum. Fuga fugit et non veniam recusandae atque.', NULL, '1985-02-16 00:11:55', '2005-11-03 14:10:55');
INSERT INTO `posts` (`id`, `user_id`, `body`, `metadata`, `created_at`, `updated_at`) VALUES ('27', '27', 'Reprehenderit cupiditate molestiae officiis laudantium nam. Sed et neque nesciunt autem est incidunt unde numquam. Beatae iste accusantium autem odit impedit dolore.', NULL, '2007-10-24 14:44:00', '2017-06-04 01:28:54');
INSERT INTO `posts` (`id`, `user_id`, `body`, `metadata`, `created_at`, `updated_at`) VALUES ('28', '28', 'Unde quas doloribus sunt corrupti reiciendis quasi provident soluta. Debitis quia temporibus cupiditate aut quos quod et consequatur. Pariatur ad explicabo tenetur.', NULL, '1980-08-08 16:23:00', '1984-08-16 22:15:02');
INSERT INTO `posts` (`id`, `user_id`, `body`, `metadata`, `created_at`, `updated_at`) VALUES ('29', '29', 'Quasi in ducimus quia rerum quia corrupti. Cupiditate et error voluptatem. Labore est numquam omnis id. Ab maxime ipsa omnis necessitatibus eligendi est distinctio.', NULL, '2015-12-05 18:34:41', '1987-07-27 17:43:54');
INSERT INTO `posts` (`id`, `user_id`, `body`, `metadata`, `created_at`, `updated_at`) VALUES ('30', '30', 'Amet maxime natus molestiae numquam. Nihil dolorem ut quas quia nihil eum. Veniam quia soluta voluptatem aut laboriosam repellat quia error.', NULL, '2007-01-31 19:43:21', '1989-03-10 20:58:12');
INSERT INTO `posts` (`id`, `user_id`, `body`, `metadata`, `created_at`, `updated_at`) VALUES ('31', '31', 'Sed non atque distinctio sunt accusamus. Amet minus alias quas nobis iure commodi. Veritatis culpa distinctio non quod. Sit unde voluptatem delectus architecto quisquam quasi aut.', NULL, '1977-06-26 15:49:29', '1971-08-05 09:54:34');
INSERT INTO `posts` (`id`, `user_id`, `body`, `metadata`, `created_at`, `updated_at`) VALUES ('32', '32', 'Enim dignissimos sed quaerat aperiam itaque. Doloribus et iste id et eos. Est rem reprehenderit voluptas et vel mollitia architecto.', NULL, '1972-01-11 11:57:38', '1971-12-04 06:12:19');
INSERT INTO `posts` (`id`, `user_id`, `body`, `metadata`, `created_at`, `updated_at`) VALUES ('33', '33', 'Animi voluptates debitis aliquid iusto labore quo. Modi dolorem ipsam qui est et. Earum et sit minima fuga.', NULL, '1999-12-16 16:45:57', '1985-06-30 22:33:06');
INSERT INTO `posts` (`id`, `user_id`, `body`, `metadata`, `created_at`, `updated_at`) VALUES ('34', '34', 'Quibusdam ducimus omnis non quas. Autem labore minus officia ut. Nesciunt esse enim fugiat consequatur eum aspernatur. Saepe aut assumenda optio quam deserunt. Libero consequatur consequatur et fugit rerum accusantium nulla.', NULL, '2008-02-06 14:27:58', '1990-05-16 01:55:34');
INSERT INTO `posts` (`id`, `user_id`, `body`, `metadata`, `created_at`, `updated_at`) VALUES ('35', '35', 'Exercitationem excepturi ut eveniet magni aspernatur odio quo provident. Illo at sunt non blanditiis aut enim.', NULL, '1999-11-08 09:01:30', '2014-08-17 23:25:40');
INSERT INTO `posts` (`id`, `user_id`, `body`, `metadata`, `created_at`, `updated_at`) VALUES ('36', '36', 'Eligendi eveniet quidem nulla vel vero repudiandae et. Beatae eaque aspernatur dolore dolorem velit. Sed quia esse voluptates rerum nam. Enim ipsam soluta et id. Et quis id harum debitis consequatur dolore.', NULL, '1982-06-04 05:14:11', '2001-01-29 01:06:52');
INSERT INTO `posts` (`id`, `user_id`, `body`, `metadata`, `created_at`, `updated_at`) VALUES ('37', '37', 'Sit architecto saepe sequi corrupti et sit. Molestias iusto voluptas ut quibusdam laboriosam sit.', NULL, '1978-06-29 09:00:30', '1998-03-15 19:11:32');
INSERT INTO `posts` (`id`, `user_id`, `body`, `metadata`, `created_at`, `updated_at`) VALUES ('38', '38', 'Minima eveniet fugiat possimus accusantium quia qui. Voluptatum numquam omnis natus ratione nihil aut molestiae doloremque. Rerum quasi et culpa qui nostrum nihil. A sunt ratione rerum consequatur ea aut. Voluptas debitis inventore sapiente magnam omnis et.', NULL, '2014-03-12 00:07:48', '1990-12-11 17:32:57');
INSERT INTO `posts` (`id`, `user_id`, `body`, `metadata`, `created_at`, `updated_at`) VALUES ('39', '39', 'Cum et voluptatibus debitis et. Amet voluptas unde sequi sed dolore numquam animi. Cupiditate eveniet nobis rerum sunt ea ipsa commodi est.', NULL, '2010-08-12 14:37:34', '1995-04-30 06:01:05');
INSERT INTO `posts` (`id`, `user_id`, `body`, `metadata`, `created_at`, `updated_at`) VALUES ('40', '40', 'Facere aut facilis rerum accusamus harum facere soluta. Ea alias nobis maxime libero.', NULL, '1989-04-06 22:13:20', '1990-07-30 04:04:58');
INSERT INTO `posts` (`id`, `user_id`, `body`, `metadata`, `created_at`, `updated_at`) VALUES ('41', '41', 'In voluptates voluptatem sequi porro. Necessitatibus dolore dolore qui. Impedit molestiae voluptatum veniam excepturi ipsa. Nemo qui et fuga voluptatibus deserunt.', NULL, '1992-03-23 02:57:36', '1989-12-03 18:10:10');
INSERT INTO `posts` (`id`, `user_id`, `body`, `metadata`, `created_at`, `updated_at`) VALUES ('42', '42', 'Sed ut ex doloremque nam id voluptates. Quasi non voluptatum quo sint dolorem. Doloribus sit occaecati soluta molestiae.', NULL, '1976-03-16 17:56:35', '1995-02-03 02:18:46');
INSERT INTO `posts` (`id`, `user_id`, `body`, `metadata`, `created_at`, `updated_at`) VALUES ('43', '43', 'Hic et sequi excepturi dicta omnis. Porro nemo occaecati magni placeat. Consequatur debitis ut consequatur ad.', NULL, '1998-10-10 16:08:29', '2018-06-30 22:13:55');
INSERT INTO `posts` (`id`, `user_id`, `body`, `metadata`, `created_at`, `updated_at`) VALUES ('44', '44', 'Deleniti nihil ut adipisci voluptatem eius hic. Et assumenda consectetur totam qui. Non vero consequatur sunt dolorem inventore. Eveniet laudantium sint dicta velit accusantium rerum aut.', NULL, '1982-03-17 03:16:33', '1975-08-08 19:53:09');
INSERT INTO `posts` (`id`, `user_id`, `body`, `metadata`, `created_at`, `updated_at`) VALUES ('45', '45', 'Dolores optio provident quia voluptatem vel. Rerum id deserunt rerum quos modi est soluta. Qui voluptatem accusamus eos veritatis perferendis. Nobis consequatur consequatur quo neque.', NULL, '1972-02-03 11:22:27', '1996-09-14 12:58:35');
INSERT INTO `posts` (`id`, `user_id`, `body`, `metadata`, `created_at`, `updated_at`) VALUES ('46', '46', 'Ducimus ut rerum magnam aut quisquam. Voluptate quos corrupti totam dolorum delectus nulla.', NULL, '2010-09-03 14:31:29', '2009-10-10 18:48:10');
INSERT INTO `posts` (`id`, `user_id`, `body`, `metadata`, `created_at`, `updated_at`) VALUES ('47', '47', 'Non at magnam illum dolore asperiores nesciunt asperiores quod. Porro optio quos quo autem in ut. Est sunt omnis adipisci veritatis excepturi. Minus magni beatae quisquam quis cupiditate molestiae.', NULL, '1989-02-07 12:03:09', '1992-03-19 22:35:34');
INSERT INTO `posts` (`id`, `user_id`, `body`, `metadata`, `created_at`, `updated_at`) VALUES ('48', '48', 'Iusto qui sunt quam et repellendus voluptatem sunt. Ut laudantium doloribus quis similique voluptas. Mollitia vel rerum quia necessitatibus facilis. Exercitationem pariatur corrupti quibusdam dolorem voluptatem.', NULL, '1996-11-06 07:52:30', '2019-06-12 17:02:15');
INSERT INTO `posts` (`id`, `user_id`, `body`, `metadata`, `created_at`, `updated_at`) VALUES ('49', '49', 'Laudantium reiciendis deserunt in id. Et totam qui at cupiditate. Consequatur cum dolor et recusandae.', NULL, '1994-07-25 13:42:59', '2020-07-27 14:02:13');
INSERT INTO `posts` (`id`, `user_id`, `body`, `metadata`, `created_at`, `updated_at`) VALUES ('50', '50', 'Est cupiditate quaerat quis culpa beatae voluptates tempore. Iusto animi quisquam ratione sunt tenetur. Aut sed quis repellat consequuntur distinctio officia corporis temporibus. Sint voluptatem quia fugiat ullam et porro.', NULL, '1977-05-02 04:48:17', '1979-01-23 09:56:17');
INSERT INTO `posts` (`id`, `user_id`, `body`, `metadata`, `created_at`, `updated_at`) VALUES ('51', '51', 'Ratione eveniet accusamus ea voluptas voluptatem totam. Nisi quia consequatur deserunt. Et quam ipsa consequatur libero voluptas et asperiores.', NULL, '1972-05-01 02:43:00', '2014-03-16 01:05:27');
INSERT INTO `posts` (`id`, `user_id`, `body`, `metadata`, `created_at`, `updated_at`) VALUES ('52', '52', 'Laborum non temporibus minus beatae esse est. Aut at sit assumenda. Molestiae vel porro expedita aut ipsam eos ullam. Repellendus aut et sapiente temporibus qui blanditiis sed.', NULL, '1998-04-28 22:27:38', '1975-12-29 12:43:16');
INSERT INTO `posts` (`id`, `user_id`, `body`, `metadata`, `created_at`, `updated_at`) VALUES ('53', '53', 'Rem et vel eius ad quisquam eum ut. Harum ducimus perspiciatis ut minima ducimus. Totam consequuntur nihil et est eaque quidem pariatur.', NULL, '2010-12-20 06:27:41', '1975-12-30 12:17:38');
INSERT INTO `posts` (`id`, `user_id`, `body`, `metadata`, `created_at`, `updated_at`) VALUES ('54', '54', 'Sint eos id voluptates iste harum aut. Officiis sint nulla mollitia ipsa distinctio non ex. Aspernatur est qui nihil ea reiciendis ut odio. Ut eveniet id doloremque doloremque expedita eos.', NULL, '2002-04-27 09:21:55', '1988-08-19 16:42:05');
INSERT INTO `posts` (`id`, `user_id`, `body`, `metadata`, `created_at`, `updated_at`) VALUES ('55', '55', 'Maxime similique necessitatibus aut odio voluptatem nisi quidem. Placeat aut excepturi minima tempore. Et aut non voluptatem suscipit. Labore repellat cupiditate quaerat quod et et.', NULL, '1987-07-22 18:02:04', '2010-05-05 12:01:49');
INSERT INTO `posts` (`id`, `user_id`, `body`, `metadata`, `created_at`, `updated_at`) VALUES ('56', '56', 'Temporibus ut libero amet saepe rerum quia et enim. Recusandae ut deleniti aut vel. Et sint porro iusto inventore nihil. Non soluta vitae temporibus dignissimos nostrum.', NULL, '2001-11-10 22:50:00', '1972-02-26 05:19:29');
INSERT INTO `posts` (`id`, `user_id`, `body`, `metadata`, `created_at`, `updated_at`) VALUES ('57', '57', 'Quod voluptates perferendis autem facere. Nesciunt consequatur itaque nobis vitae. Illo ut et consequatur in doloribus fuga quis.', NULL, '1979-09-29 17:32:39', '1975-12-20 17:23:48');
INSERT INTO `posts` (`id`, `user_id`, `body`, `metadata`, `created_at`, `updated_at`) VALUES ('58', '58', 'Autem odio sit labore. Vitae quo sed et ad. Facilis quia architecto temporibus.', NULL, '2007-03-25 22:46:16', '1987-01-01 04:00:25');
INSERT INTO `posts` (`id`, `user_id`, `body`, `metadata`, `created_at`, `updated_at`) VALUES ('59', '59', 'Nam suscipit et iste ea id. Laboriosam reprehenderit animi nemo et recusandae necessitatibus. Id ut error voluptatibus voluptatum atque quis quam recusandae. Quos consequatur nesciunt omnis sint culpa harum harum.', NULL, '1972-12-24 05:54:09', '2008-11-08 22:22:07');
INSERT INTO `posts` (`id`, `user_id`, `body`, `metadata`, `created_at`, `updated_at`) VALUES ('60', '60', 'Laudantium ab ullam a odio. Veritatis rerum cumque laborum possimus nisi eum aliquid. Incidunt nemo necessitatibus fugiat fuga repudiandae.', NULL, '1978-07-30 05:04:28', '2019-01-12 19:10:34');
INSERT INTO `posts` (`id`, `user_id`, `body`, `metadata`, `created_at`, `updated_at`) VALUES ('61', '61', 'Ut rem vel sint alias dolorem cupiditate. Inventore fuga itaque excepturi sit quia dolorum modi consequuntur.', NULL, '2012-06-13 15:46:28', '1991-08-16 13:45:14');
INSERT INTO `posts` (`id`, `user_id`, `body`, `metadata`, `created_at`, `updated_at`) VALUES ('62', '62', 'Voluptas debitis deleniti officiis soluta. Enim voluptas dolores sunt corporis est non.', NULL, '1974-10-19 02:50:41', '2008-06-28 21:33:32');
INSERT INTO `posts` (`id`, `user_id`, `body`, `metadata`, `created_at`, `updated_at`) VALUES ('63', '63', 'Maiores ea aperiam amet tempora ratione natus optio. Corrupti quam et qui. Consequatur dolore voluptatem voluptatem distinctio qui dignissimos. Porro et deserunt eius est. Voluptas quia occaecati quo labore quae ad possimus.', NULL, '1972-07-28 11:46:35', '1994-07-26 01:29:59');
INSERT INTO `posts` (`id`, `user_id`, `body`, `metadata`, `created_at`, `updated_at`) VALUES ('64', '64', 'Aspernatur libero harum atque. Et veniam repellat autem veritatis ullam rerum sint. Est consequuntur consequuntur et ut. Laboriosam ratione numquam deleniti labore voluptatem.', NULL, '1996-01-27 07:58:52', '1992-05-18 15:12:47');
INSERT INTO `posts` (`id`, `user_id`, `body`, `metadata`, `created_at`, `updated_at`) VALUES ('65', '65', 'Dolores dolor voluptatem id. Neque voluptas quod unde consequatur voluptatem sit temporibus.', NULL, '2015-04-20 13:26:11', '1976-11-21 04:59:21');
INSERT INTO `posts` (`id`, `user_id`, `body`, `metadata`, `created_at`, `updated_at`) VALUES ('66', '66', 'Earum minus quia quia accusamus et qui. Dolor qui dolorum explicabo et ut aut.', NULL, '2000-12-07 04:25:21', '1983-05-19 22:55:34');
INSERT INTO `posts` (`id`, `user_id`, `body`, `metadata`, `created_at`, `updated_at`) VALUES ('67', '67', 'Architecto cupiditate repudiandae id. Officiis ex ipsum nam. Vel laborum cum sequi et qui. In sed consequatur voluptatem cumque omnis odit hic.', NULL, '1990-04-02 05:23:42', '2012-11-24 16:07:10');
INSERT INTO `posts` (`id`, `user_id`, `body`, `metadata`, `created_at`, `updated_at`) VALUES ('68', '68', 'Et numquam fugiat in culpa. Corporis ipsam odio commodi. Doloremque repellendus consectetur nihil repellendus. Aut sed et iure ipsa aut. Magni sed et rem alias possimus dicta.', NULL, '1995-10-30 03:06:04', '1977-06-20 03:40:47');
INSERT INTO `posts` (`id`, `user_id`, `body`, `metadata`, `created_at`, `updated_at`) VALUES ('69', '69', 'Voluptatem rerum error nihil perspiciatis. A maxime error optio quos totam eaque. Tenetur omnis perferendis nisi molestias debitis aut.', NULL, '1994-10-30 11:38:04', '2000-07-13 05:07:03');
INSERT INTO `posts` (`id`, `user_id`, `body`, `metadata`, `created_at`, `updated_at`) VALUES ('70', '70', 'Odit eveniet aliquid rerum totam in dicta. Ad corporis est voluptas.', NULL, '2009-09-05 11:05:03', '1970-03-09 14:23:16');
INSERT INTO `posts` (`id`, `user_id`, `body`, `metadata`, `created_at`, `updated_at`) VALUES ('71', '71', 'Non perspiciatis earum voluptates cum atque dignissimos voluptatibus. Non et optio totam et laborum facilis. Soluta et a facere molestiae.', NULL, '1998-08-07 10:54:54', '2009-08-05 10:39:24');
INSERT INTO `posts` (`id`, `user_id`, `body`, `metadata`, `created_at`, `updated_at`) VALUES ('72', '72', 'Officiis dolore architecto ut ab. Aut reprehenderit in placeat adipisci ad eaque totam eum. In repellat et quos. Quos numquam nesciunt nobis quis.', NULL, '1986-04-04 08:14:55', '2003-02-21 19:22:52');
INSERT INTO `posts` (`id`, `user_id`, `body`, `metadata`, `created_at`, `updated_at`) VALUES ('73', '73', 'Sit et et vitae quidem porro vel. In quia rerum architecto similique at quas magnam. Illum necessitatibus mollitia repudiandae nihil voluptatem cum. Sint quasi molestiae corrupti omnis.', NULL, '2013-05-05 06:56:18', '1976-03-17 09:11:34');
INSERT INTO `posts` (`id`, `user_id`, `body`, `metadata`, `created_at`, `updated_at`) VALUES ('74', '74', 'Minima magnam sit et ut. Excepturi ut blanditiis et et quas qui neque. Quaerat quis ipsa eos quis saepe et unde.', NULL, '1984-12-09 16:20:49', '2005-03-03 06:56:08');
INSERT INTO `posts` (`id`, `user_id`, `body`, `metadata`, `created_at`, `updated_at`) VALUES ('75', '75', 'Unde hic voluptas inventore nihil omnis fugiat. Cum aut exercitationem ratione numquam eaque. Minus est aliquam omnis numquam.', NULL, '2016-01-24 08:31:44', '1995-12-09 23:40:32');
INSERT INTO `posts` (`id`, `user_id`, `body`, `metadata`, `created_at`, `updated_at`) VALUES ('76', '76', 'Error ea commodi est dolores ut eum. Dicta sint soluta mollitia unde consequuntur. Nihil dicta vero ratione distinctio minima.', NULL, '1989-10-13 06:09:36', '1972-05-31 20:12:31');
INSERT INTO `posts` (`id`, `user_id`, `body`, `metadata`, `created_at`, `updated_at`) VALUES ('77', '77', 'Quidem voluptas doloremque et ipsam voluptatem architecto et. Enim qui magni modi id. Omnis et vel amet rerum enim sed quisquam.', NULL, '1973-10-26 14:30:53', '1971-01-19 23:00:00');
INSERT INTO `posts` (`id`, `user_id`, `body`, `metadata`, `created_at`, `updated_at`) VALUES ('78', '78', 'Quae hic quas eos error aut modi eos aliquid. Quis numquam nam quis enim et.', NULL, '1976-03-08 21:16:20', '1985-08-10 03:20:53');
INSERT INTO `posts` (`id`, `user_id`, `body`, `metadata`, `created_at`, `updated_at`) VALUES ('79', '79', 'Praesentium eius perferendis voluptatum est modi vitae ducimus. Similique aut ad consequatur enim non quibusdam sunt. Sint quia iusto et eligendi vero autem est.', NULL, '1992-04-11 10:41:17', '1973-12-07 03:52:17');
INSERT INTO `posts` (`id`, `user_id`, `body`, `metadata`, `created_at`, `updated_at`) VALUES ('80', '80', 'Qui quia quia itaque repellat voluptatibus vitae. Officiis error quis consequatur velit consequatur ipsam sint. Quod id quos aut tempore in. Officia hic accusamus vel.', NULL, '1970-08-21 10:22:02', '1988-05-28 21:45:01');
INSERT INTO `posts` (`id`, `user_id`, `body`, `metadata`, `created_at`, `updated_at`) VALUES ('81', '81', 'Molestias soluta nesciunt nihil quas. Cupiditate ut ipsa nemo voluptatem provident quia inventore voluptate. Rerum tempora possimus vel repellendus praesentium. Molestiae optio aut provident voluptate itaque omnis.', NULL, '2008-02-12 03:50:03', '1989-06-14 18:31:44');
INSERT INTO `posts` (`id`, `user_id`, `body`, `metadata`, `created_at`, `updated_at`) VALUES ('82', '82', 'Aliquam a recusandae nam dolor. Reiciendis qui et nesciunt. Voluptas quaerat labore perspiciatis et. Molestias consequatur eligendi ipsum eum et illum.', NULL, '1992-12-20 21:23:38', '1992-02-12 06:57:40');
INSERT INTO `posts` (`id`, `user_id`, `body`, `metadata`, `created_at`, `updated_at`) VALUES ('83', '83', 'Architecto consequatur facere autem nobis. Error autem consequatur vel id ex. Magnam voluptatibus vel omnis impedit in. Aut vel molestiae mollitia adipisci incidunt.', NULL, '2008-08-01 13:35:57', '1994-04-21 03:24:43');
INSERT INTO `posts` (`id`, `user_id`, `body`, `metadata`, `created_at`, `updated_at`) VALUES ('84', '84', 'Quis ut delectus aut quisquam. Similique optio ea cupiditate ut reprehenderit non dolores. Nihil voluptate facere et fugit.', NULL, '2014-09-13 16:28:35', '1988-01-06 07:21:36');
INSERT INTO `posts` (`id`, `user_id`, `body`, `metadata`, `created_at`, `updated_at`) VALUES ('85', '85', 'Maxime vel et expedita qui omnis similique. Et omnis reiciendis sed reprehenderit.', NULL, '1977-02-26 20:13:01', '2000-06-11 23:05:56');
INSERT INTO `posts` (`id`, `user_id`, `body`, `metadata`, `created_at`, `updated_at`) VALUES ('86', '86', 'Animi itaque magnam voluptatibus dolorum vel est et ipsam. Dolorem est reprehenderit placeat qui dolorem. Non quo quidem quas eum.', NULL, '1981-01-03 00:22:59', '1990-07-30 09:51:01');
INSERT INTO `posts` (`id`, `user_id`, `body`, `metadata`, `created_at`, `updated_at`) VALUES ('87', '87', 'Aliquam suscipit ut molestias error nihil. Placeat aut est quis. Rerum eum quidem aut qui aut placeat. Dolores hic at cumque error ea nihil.', NULL, '2018-02-05 08:57:39', '1979-03-01 10:44:48');
INSERT INTO `posts` (`id`, `user_id`, `body`, `metadata`, `created_at`, `updated_at`) VALUES ('88', '88', 'Sed corporis cum iure dolorem corrupti temporibus voluptas. Enim a voluptate in perferendis veniam. Et exercitationem tenetur aliquam amet. Quia non aut et hic.', NULL, '2009-03-25 06:45:32', '1993-10-14 11:28:02');
INSERT INTO `posts` (`id`, `user_id`, `body`, `metadata`, `created_at`, `updated_at`) VALUES ('89', '89', 'Et animi quasi esse ut veniam modi. Non vitae delectus voluptatem assumenda neque. Architecto sed blanditiis hic voluptas suscipit sed cum.', NULL, '2000-08-10 05:04:17', '2006-04-07 12:24:22');
INSERT INTO `posts` (`id`, `user_id`, `body`, `metadata`, `created_at`, `updated_at`) VALUES ('90', '90', 'Perferendis id omnis et consequatur eos voluptate. Illo qui repellendus aut doloremque aut. Laborum accusamus eligendi architecto. Et est et soluta ut laboriosam ut.', NULL, '1992-07-02 04:23:27', '1992-10-06 04:21:43');
INSERT INTO `posts` (`id`, `user_id`, `body`, `metadata`, `created_at`, `updated_at`) VALUES ('91', '91', 'Quos consectetur itaque dolores labore. Qui magni similique sit eligendi consequatur commodi omnis quod. Ducimus enim pariatur ullam.', NULL, '2016-02-16 17:37:49', '2005-06-03 10:17:46');
INSERT INTO `posts` (`id`, `user_id`, `body`, `metadata`, `created_at`, `updated_at`) VALUES ('92', '92', 'Dolorem quia quisquam iure dolorem soluta incidunt. Qui eos voluptatem ut voluptas reprehenderit. Omnis et incidunt ab ad suscipit.', NULL, '1978-07-11 21:53:03', '2005-02-12 08:28:17');
INSERT INTO `posts` (`id`, `user_id`, `body`, `metadata`, `created_at`, `updated_at`) VALUES ('93', '93', 'Aut amet harum dolorum dolores sit quasi. Tempore necessitatibus unde deserunt. Est officia iste placeat recusandae facilis.', NULL, '1989-12-10 08:48:37', '1988-12-13 04:36:22');
INSERT INTO `posts` (`id`, `user_id`, `body`, `metadata`, `created_at`, `updated_at`) VALUES ('94', '94', 'Totam et quos sit est quis dolor. Architecto culpa quaerat sapiente natus. Et non fugiat architecto eum illum aut.', NULL, '2014-07-06 00:20:38', '2011-10-19 05:03:39');
INSERT INTO `posts` (`id`, `user_id`, `body`, `metadata`, `created_at`, `updated_at`) VALUES ('95', '95', 'Quod animi autem itaque. Omnis porro repellendus nihil ut voluptatem. Assumenda vitae harum quis aliquam.', NULL, '2017-07-13 13:08:30', '1978-05-04 08:57:05');
INSERT INTO `posts` (`id`, `user_id`, `body`, `metadata`, `created_at`, `updated_at`) VALUES ('96', '96', 'Consequatur est dolorem temporibus et voluptas. Explicabo est expedita repudiandae incidunt aut. Ex accusantium velit rerum. Quaerat vitae tempore veniam nam nesciunt minima.', NULL, '1981-10-26 15:50:57', '1993-11-03 08:29:32');
INSERT INTO `posts` (`id`, `user_id`, `body`, `metadata`, `created_at`, `updated_at`) VALUES ('97', '97', 'Quia iste eum dolor dolorem possimus. Sed aperiam quia quidem facere nihil. Voluptas labore sunt et blanditiis. Eveniet aspernatur ex assumenda ut.', NULL, '2003-11-26 02:22:24', '1980-08-21 06:29:01');
INSERT INTO `posts` (`id`, `user_id`, `body`, `metadata`, `created_at`, `updated_at`) VALUES ('98', '98', 'Necessitatibus delectus qui id et. Earum totam officiis consequatur ratione quia. Officia dicta neque rerum aspernatur deserunt quia itaque. Ex ut dolorem fuga.', NULL, '2009-06-04 00:01:27', '2007-12-04 17:00:45');
INSERT INTO `posts` (`id`, `user_id`, `body`, `metadata`, `created_at`, `updated_at`) VALUES ('99', '99', 'Autem in provident nihil ut qui. Perspiciatis molestiae eum occaecati aut fuga. Ut natus quia quasi in accusamus sit debitis molestiae. Placeat minus quo illo iusto mollitia eaque nobis.', NULL, '1987-01-20 04:12:58', '1983-09-01 11:19:47');
INSERT INTO `posts` (`id`, `user_id`, `body`, `metadata`, `created_at`, `updated_at`) VALUES ('100', '100', 'Modi sint accusantium assumenda esse saepe quisquam temporibus. Voluptatum illum consequuntur voluptas illum distinctio. Consequatur quod ad et ea beatae.', NULL, '1995-06-01 18:11:12', '1976-11-02 01:30:27');


#
# TABLE STRUCTURE FOR: users
#

DROP TABLE IF EXISTS `users`;

CREATE TABLE `users` (
  `id` bigint(20) unsigned NOT NULL AUTO_INCREMENT,
  `name` varchar(50) COLLATE utf8_unicode_ci DEFAULT NULL,
  `surname` varchar(50) COLLATE utf8_unicode_ci DEFAULT NULL,
  `email` varchar(120) COLLATE utf8_unicode_ci DEFAULT NULL,
  `phone` bigint(20) DEFAULT NULL,
  `gender` char(1) COLLATE utf8_unicode_ci DEFAULT NULL,
  `birthday` date DEFAULT NULL,
  `hometown` varchar(50) COLLATE utf8_unicode_ci DEFAULT NULL,
  `photo_id` bigint(20) unsigned DEFAULT NULL,
  `pass` char(50) COLLATE utf8_unicode_ci DEFAULT NULL,
  `created_at` datetime DEFAULT current_timestamp(),
  PRIMARY KEY (`id`),
  UNIQUE KEY `email` (`email`),
  KEY `phone` (`phone`),
  KEY `email_2` (`email`),
  KEY `name` (`name`,`surname`)
) ENGINE=InnoDB AUTO_INCREMENT=101 DEFAULT CHARSET=utf8 COLLATE=utf8_unicode_ci;

INSERT INTO `users` (`id`, `name`, `surname`, `email`, `phone`, `gender`, `birthday`, `hometown`, `photo_id`, `pass`, `created_at`) VALUES ('1', 'Josie', 'Leannon', 'mnicolas@example.org', '0', 'm', '2000-03-31', 'odio', '7', 'd40c0f9cce837dd75903fc951c4191c9', '2020-06-21 17:02:55');
INSERT INTO `users` (`id`, `name`, `surname`, `email`, `phone`, `gender`, `birthday`, `hometown`, `photo_id`, `pass`, `created_at`) VALUES ('2', 'Brielle', 'Bauch', 'lane35@example.net', '0', 'f', '1984-06-15', 'eum', '6', 'a850825e4b35e80bf3b4ead3fc761ef9', '1984-11-23 07:36:51');
INSERT INTO `users` (`id`, `name`, `surname`, `email`, `phone`, `gender`, `birthday`, `hometown`, `photo_id`, `pass`, `created_at`) VALUES ('3', 'Nicholas', 'Vandervort', 'terrance53@example.com', '0', 'f', '1986-01-30', 'magnam', '9', 'f55be6fcea61f55ecf27444fb671acf6', '1979-05-22 04:11:54');
INSERT INTO `users` (`id`, `name`, `surname`, `email`, `phone`, `gender`, `birthday`, `hometown`, `photo_id`, `pass`, `created_at`) VALUES ('4', 'Dave', 'Abshire', 'mhomenick@example.org', '0', 'f', '1976-06-07', 'facere', '5', '1febe2f75c60652cf43bc632205fed14', '2010-07-27 14:31:38');
INSERT INTO `users` (`id`, `name`, `surname`, `email`, `phone`, `gender`, `birthday`, `hometown`, `photo_id`, `pass`, `created_at`) VALUES ('5', 'Dalton', 'Prohaska', 'dyundt@example.org', '508975', 'm', '1992-02-01', 'eveniet', '8', '0c2c1a5fcaaa131fdfc3976a2320fec4', '2005-09-06 05:42:24');
INSERT INTO `users` (`id`, `name`, `surname`, `email`, `phone`, `gender`, `birthday`, `hometown`, `photo_id`, `pass`, `created_at`) VALUES ('6', 'Leopold', 'Howell', 'liza.gusikowski@example.net', '77', 'f', '1980-12-16', 'eum', '8', 'ff868c99ae52cff8033827d566f4b375', '1979-08-16 20:02:24');
INSERT INTO `users` (`id`, `name`, `surname`, `email`, `phone`, `gender`, `birthday`, `hometown`, `photo_id`, `pass`, `created_at`) VALUES ('7', 'Bret', 'Lind', 'stehr.emerson@example.com', '154', 'm', '1992-11-01', 'eos', '3', '7101bfeca5404a0deede9220c2cc713c', '2019-05-10 11:09:03');
INSERT INTO `users` (`id`, `name`, `surname`, `email`, `phone`, `gender`, `birthday`, `hometown`, `photo_id`, `pass`, `created_at`) VALUES ('8', 'Kay', 'Johnson', 'schuppe.ron@example.net', '28', 'm', '2006-10-13', 'officia', '6', '9d1a144247b587a4e4e9d150d8b71649', '2011-07-13 22:39:04');
INSERT INTO `users` (`id`, `name`, `surname`, `email`, `phone`, `gender`, `birthday`, `hometown`, `photo_id`, `pass`, `created_at`) VALUES ('9', 'Lon', 'Hane', 'kbeatty@example.net', '846', 'f', '1976-11-21', 'et', '4', '9ac6f1ff8d7cd9779b3ce1e39b69baec', '1971-10-30 05:56:27');
INSERT INTO `users` (`id`, `name`, `surname`, `email`, `phone`, `gender`, `birthday`, `hometown`, `photo_id`, `pass`, `created_at`) VALUES ('10', 'Rico', 'Walsh', 'romaguera.lulu@example.org', '90', 'f', '1988-09-19', 'voluptatem', '4', '88dcd582251a1dc08fc9ff67e70c0cd8', '1984-09-04 19:16:58');
INSERT INTO `users` (`id`, `name`, `surname`, `email`, `phone`, `gender`, `birthday`, `hometown`, `photo_id`, `pass`, `created_at`) VALUES ('11', 'Edison', 'Bednar', 'mallory.fritsch@example.org', '1', 'f', '1993-02-09', 'ut', '1', '890365063e323f4a49c03fa4708f3adb', '2018-12-27 07:34:45');
INSERT INTO `users` (`id`, `name`, `surname`, `email`, `phone`, `gender`, `birthday`, `hometown`, `photo_id`, `pass`, `created_at`) VALUES ('12', 'Leone', 'Waelchi', 'jkub@example.com', '21', 'm', '2003-11-09', 'rerum', '3', '075c5e856949a5d37fe5e49057d6e45c', '2019-06-26 00:59:40');
INSERT INTO `users` (`id`, `name`, `surname`, `email`, `phone`, `gender`, `birthday`, `hometown`, `photo_id`, `pass`, `created_at`) VALUES ('13', 'Kevin', 'Fahey', 'gbarrows@example.org', '181', 'f', '1987-11-01', 'voluptas', '7', '8c18ae8138328f234e46f967e7297a51', '2015-03-09 16:09:56');
INSERT INTO `users` (`id`, `name`, `surname`, `email`, `phone`, `gender`, `birthday`, `hometown`, `photo_id`, `pass`, `created_at`) VALUES ('14', 'Palma', 'O\'Reilly', 'zhane@example.org', '258', 'f', '1986-06-23', 'fuga', '4', '1dbc2c827e436b113bf10f9ea6bcbc71', '1972-08-10 19:43:40');
INSERT INTO `users` (`id`, `name`, `surname`, `email`, `phone`, `gender`, `birthday`, `hometown`, `photo_id`, `pass`, `created_at`) VALUES ('15', 'Domingo', 'Zieme', 'rlueilwitz@example.com', '370', 'f', '2002-04-03', 'ipsum', '5', 'e410bd178b1b1898bc234faba708128f', '1978-11-14 10:26:38');
INSERT INTO `users` (`id`, `name`, `surname`, `email`, `phone`, `gender`, `birthday`, `hometown`, `photo_id`, `pass`, `created_at`) VALUES ('16', 'Cortez', 'Gusikowski', 'joanie50@example.com', '975', 'm', '2004-03-09', 'quisquam', '2', 'af49880e92249f059222f28c9260dafc', '1998-11-11 13:35:47');
INSERT INTO `users` (`id`, `name`, `surname`, `email`, `phone`, `gender`, `birthday`, `hometown`, `photo_id`, `pass`, `created_at`) VALUES ('17', 'Harrison', 'Paucek', 'stroman.meaghan@example.net', '33', 'f', '2001-02-26', 'in', '7', '22a725adefdd86bf681b50c06927dd01', '1978-02-07 15:29:14');
INSERT INTO `users` (`id`, `name`, `surname`, `email`, `phone`, `gender`, `birthday`, `hometown`, `photo_id`, `pass`, `created_at`) VALUES ('18', 'Dorothy', 'Kunze', 'ryann.oberbrunner@example.com', '1190367341', 'f', '1989-04-04', 'ipsam', '9', '2067a51a38865618c569beb6fcbf8265', '2009-06-21 18:55:31');
INSERT INTO `users` (`id`, `name`, `surname`, `email`, `phone`, `gender`, `birthday`, `hometown`, `photo_id`, `pass`, `created_at`) VALUES ('19', 'Arielle', 'Kihn', 'edison22@example.org', '751128', 'f', '1974-09-11', 'omnis', '9', 'f5a753f44fc46efa3e6849fe6dded256', '1971-03-12 23:18:29');
INSERT INTO `users` (`id`, `name`, `surname`, `email`, `phone`, `gender`, `birthday`, `hometown`, `photo_id`, `pass`, `created_at`) VALUES ('20', 'Lottie', 'Schamberger', 'maximillia41@example.org', '7704118704', 'm', '2019-11-19', 'nulla', '3', '8132502cb6eaddc487eb6b35246882f3', '1996-02-12 04:06:27');
INSERT INTO `users` (`id`, `name`, `surname`, `email`, `phone`, `gender`, `birthday`, `hometown`, `photo_id`, `pass`, `created_at`) VALUES ('21', 'Gay', 'Veum', 'o\'hara.cecil@example.org', '198', 'f', '1973-09-19', 'eum', '5', 'ff0f7137d196056bf2fef42c376c00f3', '1984-07-22 06:48:31');
INSERT INTO `users` (`id`, `name`, `surname`, `email`, `phone`, `gender`, `birthday`, `hometown`, `photo_id`, `pass`, `created_at`) VALUES ('22', 'Cleveland', 'Lueilwitz', 'terrell09@example.net', '1', 'm', '1975-06-11', 'cumque', '1', '9ddc0126c558a6766da96a0686a207e9', '2018-11-07 12:59:47');
INSERT INTO `users` (`id`, `name`, `surname`, `email`, `phone`, `gender`, `birthday`, `hometown`, `photo_id`, `pass`, `created_at`) VALUES ('23', 'Dewitt', 'Goyette', 'osborne18@example.org', '0', 'f', '2002-11-22', 'in', '7', '0e1252973ebfa56aa9ff0fbf58409403', '1993-03-04 05:16:00');
INSERT INTO `users` (`id`, `name`, `surname`, `email`, `phone`, `gender`, `birthday`, `hometown`, `photo_id`, `pass`, `created_at`) VALUES ('24', 'Kelsi', 'Kris', 'schuppe.hal@example.net', '905311', 'f', '1986-09-28', 'magni', '6', '577225e4ae6337f11c6bd4ecb85b045e', '2000-10-26 06:46:26');
INSERT INTO `users` (`id`, `name`, `surname`, `email`, `phone`, `gender`, `birthday`, `hometown`, `photo_id`, `pass`, `created_at`) VALUES ('25', 'Kariane', 'Fay', 'floy46@example.com', '1', 'f', '1981-11-29', 'doloremque', '4', 'b5b09d065c62fc7b750e3dc4116d87cb', '1994-07-20 11:36:17');
INSERT INTO `users` (`id`, `name`, `surname`, `email`, `phone`, `gender`, `birthday`, `hometown`, `photo_id`, `pass`, `created_at`) VALUES ('26', 'Scot', 'Bauch', 'gina24@example.net', '483', 'f', '2009-01-15', 'ab', '7', '8cf8706f4a743f106715282035a0a7db', '1977-04-23 04:02:45');
INSERT INTO `users` (`id`, `name`, `surname`, `email`, `phone`, `gender`, `birthday`, `hometown`, `photo_id`, `pass`, `created_at`) VALUES ('27', 'Gracie', 'Lynch', 'mcglynn.dean@example.org', '3611', 'm', '2016-02-18', 'explicabo', '3', 'ed2ba287da53005a360576cb7eba566d', '1994-06-22 07:34:38');
INSERT INTO `users` (`id`, `name`, `surname`, `email`, `phone`, `gender`, `birthday`, `hometown`, `photo_id`, `pass`, `created_at`) VALUES ('28', 'Vladimir', 'Blick', 'andreanne07@example.com', '1', 'f', '2003-09-22', 'doloremque', '8', 'b870b9a6b12e08d6c3599f13a682bd0c', '1998-01-31 03:35:18');
INSERT INTO `users` (`id`, `name`, `surname`, `email`, `phone`, `gender`, `birthday`, `hometown`, `photo_id`, `pass`, `created_at`) VALUES ('29', 'Isabell', 'Reichert', 'eleanora45@example.org', '0', 'f', '1995-08-03', 'aut', '2', '38031bcc1cea236fc03cf72cddef3de0', '1975-08-22 23:20:58');
INSERT INTO `users` (`id`, `name`, `surname`, `email`, `phone`, `gender`, `birthday`, `hometown`, `photo_id`, `pass`, `created_at`) VALUES ('30', 'Easton', 'Hayes', 'walter.danyka@example.org', '9628900533', 'm', '1995-03-15', 'praesentium', '9', '288eaa226ab948db60583e965cc6f4f9', '2001-10-16 11:15:18');
INSERT INTO `users` (`id`, `name`, `surname`, `email`, `phone`, `gender`, `birthday`, `hometown`, `photo_id`, `pass`, `created_at`) VALUES ('31', 'Sydnee', 'Kihn', 'nicolas.stroman@example.com', '371560', 'm', '1998-02-25', 'iure', '6', '51725d2d995155ce57f9b45bc7d04540', '2004-05-17 05:51:27');
INSERT INTO `users` (`id`, `name`, `surname`, `email`, `phone`, `gender`, `birthday`, `hometown`, `photo_id`, `pass`, `created_at`) VALUES ('32', 'Verona', 'Tremblay', 'xkreiger@example.org', '0', 'f', '1994-01-14', 'eaque', '5', '6c572fd589d93274e0a344e54762437d', '1990-01-01 21:16:27');
INSERT INTO `users` (`id`, `name`, `surname`, `email`, `phone`, `gender`, `birthday`, `hometown`, `photo_id`, `pass`, `created_at`) VALUES ('33', 'Timmothy', 'Kutch', 'sage.hauck@example.com', '11279', 'm', '2014-11-03', 'qui', '1', '9c27a0e1eb60d73c8bc5b39e6e021f24', '1976-12-09 09:20:09');
INSERT INTO `users` (`id`, `name`, `surname`, `email`, `phone`, `gender`, `birthday`, `hometown`, `photo_id`, `pass`, `created_at`) VALUES ('34', 'Lenore', 'Koch', 'kuvalis.elsa@example.net', '65', 'm', '1973-07-23', 'sunt', '9', '5883a05ce16f1a453e52f9300d37b8fa', '1981-04-29 19:43:41');
INSERT INTO `users` (`id`, `name`, `surname`, `email`, `phone`, `gender`, `birthday`, `hometown`, `photo_id`, `pass`, `created_at`) VALUES ('35', 'Hudson', 'Nikolaus', 'davis.winifred@example.net', '207186', 'f', '2016-10-08', 'explicabo', '5', '4a6c80af8ebfe5bc807af513c7a6e393', '1982-09-12 16:18:25');
INSERT INTO `users` (`id`, `name`, `surname`, `email`, `phone`, `gender`, `birthday`, `hometown`, `photo_id`, `pass`, `created_at`) VALUES ('36', 'Hal', 'Frami', 'lkemmer@example.org', '826765', 'f', '1997-10-25', 'minus', '5', '1c40595b090eb739a465479795e888a9', '1981-01-05 16:22:26');
INSERT INTO `users` (`id`, `name`, `surname`, `email`, `phone`, `gender`, `birthday`, `hometown`, `photo_id`, `pass`, `created_at`) VALUES ('37', 'Claudie', 'Marvin', 'rhiannon.schamberger@example.com', '513', 'f', '2001-06-23', 'repudiandae', '1', '86da988a580b508842a00ed7bf8a594b', '1992-08-12 12:25:49');
INSERT INTO `users` (`id`, `name`, `surname`, `email`, `phone`, `gender`, `birthday`, `hometown`, `photo_id`, `pass`, `created_at`) VALUES ('38', 'Eloy', 'Dibbert', 'yschamberger@example.net', '0', 'f', '2018-01-19', 'omnis', '3', 'da11b54b27e4489517696add90c5b67d', '1996-05-31 06:28:53');
INSERT INTO `users` (`id`, `name`, `surname`, `email`, `phone`, `gender`, `birthday`, `hometown`, `photo_id`, `pass`, `created_at`) VALUES ('39', 'Claudie', 'Ernser', 'cale40@example.net', '7831895416', 'f', '1993-07-10', 'amet', '7', 'eb0b01a101b9e7068bb732e7258e1c9e', '2007-03-22 07:40:52');
INSERT INTO `users` (`id`, `name`, `surname`, `email`, `phone`, `gender`, `birthday`, `hometown`, `photo_id`, `pass`, `created_at`) VALUES ('40', 'Chanel', 'Donnelly', 'terrill.runte@example.com', '356', 'f', '2002-09-15', 'impedit', '6', '2bee0243aa149aa09d9f545f7dd78a00', '1991-03-07 08:46:15');
INSERT INTO `users` (`id`, `name`, `surname`, `email`, `phone`, `gender`, `birthday`, `hometown`, `photo_id`, `pass`, `created_at`) VALUES ('41', 'Merl', 'DuBuque', 'lisa12@example.org', '205', 'm', '1982-07-26', 'quia', '9', '181c93572d41df9548c2ce23e8706ec4', '2009-10-30 18:41:43');
INSERT INTO `users` (`id`, `name`, `surname`, `email`, `phone`, `gender`, `birthday`, `hometown`, `photo_id`, `pass`, `created_at`) VALUES ('42', 'David', 'Fadel', 'dschiller@example.org', '651067', 'm', '1985-09-18', 'doloremque', '7', '3ba885b466a6806d63765f7f41af795a', '1972-09-10 11:32:39');
INSERT INTO `users` (`id`, `name`, `surname`, `email`, `phone`, `gender`, `birthday`, `hometown`, `photo_id`, `pass`, `created_at`) VALUES ('43', 'Keyshawn', 'Conn', 'amalia.auer@example.com', '0', 'f', '2007-05-05', 'nulla', '5', '3a6cfe7e20a2596946624973b8d37a4b', '2017-10-16 02:56:26');
INSERT INTO `users` (`id`, `name`, `surname`, `email`, `phone`, `gender`, `birthday`, `hometown`, `photo_id`, `pass`, `created_at`) VALUES ('44', 'Rodger', 'Walker', 'breanna.blanda@example.org', '372124', 'm', '1976-05-02', 'perferendis', '4', '9e3e3614c483978af0e5d7ab36c54bb8', '1974-09-25 22:46:24');
INSERT INTO `users` (`id`, `name`, `surname`, `email`, `phone`, `gender`, `birthday`, `hometown`, `photo_id`, `pass`, `created_at`) VALUES ('45', 'Rylan', 'Price', 'price.eladio@example.net', '86', 'm', '1972-04-13', 'voluptas', '6', 'f25fd67313db751d0622e4ccab9918f3', '2011-03-29 18:04:20');
INSERT INTO `users` (`id`, `name`, `surname`, `email`, `phone`, `gender`, `birthday`, `hometown`, `photo_id`, `pass`, `created_at`) VALUES ('46', 'Imelda', 'Paucek', 'sullrich@example.net', '756', 'f', '2005-06-22', 'et', '4', 'ba464d8951226bdb1dda6afc51f32d7f', '1979-01-21 09:15:09');
INSERT INTO `users` (`id`, `name`, `surname`, `email`, `phone`, `gender`, `birthday`, `hometown`, `photo_id`, `pass`, `created_at`) VALUES ('47', 'Ransom', 'Kozey', 'vcorwin@example.com', '515', 'm', '1993-08-14', 'velit', '7', '7de609b6653c808a86f5708f6d9b6916', '1981-05-11 09:33:56');
INSERT INTO `users` (`id`, `name`, `surname`, `email`, `phone`, `gender`, `birthday`, `hometown`, `photo_id`, `pass`, `created_at`) VALUES ('48', 'Amy', 'Nader', 'avery.rodriguez@example.org', '136', 'm', '2015-05-23', 'omnis', '7', 'eb36294e0e2177faeec6ecea0300969d', '2015-01-15 06:59:31');
INSERT INTO `users` (`id`, `name`, `surname`, `email`, `phone`, `gender`, `birthday`, `hometown`, `photo_id`, `pass`, `created_at`) VALUES ('49', 'Lysanne', 'Kulas', 'cierra.osinski@example.net', '644', 'f', '1971-12-20', 'veritatis', '4', '6693457769f1099eaa40f16af6506648', '2005-12-04 08:22:24');
INSERT INTO `users` (`id`, `name`, `surname`, `email`, `phone`, `gender`, `birthday`, `hometown`, `photo_id`, `pass`, `created_at`) VALUES ('50', 'Madelynn', 'Runte', 'lkohler@example.com', '142', 'm', '1975-09-23', 'consequatur', '6', '127d3c0bda3b484b0b84644cd087690e', '1990-03-06 03:43:31');
INSERT INTO `users` (`id`, `name`, `surname`, `email`, `phone`, `gender`, `birthday`, `hometown`, `photo_id`, `pass`, `created_at`) VALUES ('51', 'Aric', 'Ullrich', 'hermann.samir@example.com', '700', 'm', '1991-10-29', 'qui', '6', 'db9f37d75ee9749595836b6c0d59a06e', '2001-02-05 01:36:43');
INSERT INTO `users` (`id`, `name`, `surname`, `email`, `phone`, `gender`, `birthday`, `hometown`, `photo_id`, `pass`, `created_at`) VALUES ('52', 'Ezequiel', 'Berge', 'lilyan.konopelski@example.net', '1', 'm', '1977-01-11', 'sed', '4', 'b298d0723a80f23f8b6517d045a995c2', '2019-08-22 17:04:50');
INSERT INTO `users` (`id`, `name`, `surname`, `email`, `phone`, `gender`, `birthday`, `hometown`, `photo_id`, `pass`, `created_at`) VALUES ('53', 'Lempi', 'Stracke', 'oliver.donnelly@example.net', '571', 'm', '1986-05-06', 'cumque', '6', '139d4cd5e2df6e9498313b7120d64c3e', '2006-05-24 17:41:01');
INSERT INTO `users` (`id`, `name`, `surname`, `email`, `phone`, `gender`, `birthday`, `hometown`, `photo_id`, `pass`, `created_at`) VALUES ('54', 'Ken', 'Keeling', 'xhessel@example.com', '397', 'f', '1970-05-03', 'et', '3', '37bc7445b5f5e125ee67a9ebad74bb41', '1979-02-07 21:08:34');
INSERT INTO `users` (`id`, `name`, `surname`, `email`, `phone`, `gender`, `birthday`, `hometown`, `photo_id`, `pass`, `created_at`) VALUES ('55', 'Marcus', 'Jerde', 'tmayer@example.com', '1', 'm', '2018-11-23', 'nemo', '3', '6cfc5b0692b7045d873618465f2a1335', '1972-05-04 18:08:10');
INSERT INTO `users` (`id`, `name`, `surname`, `email`, `phone`, `gender`, `birthday`, `hometown`, `photo_id`, `pass`, `created_at`) VALUES ('56', 'Ross', 'Blanda', 'sadye69@example.net', '0', 'f', '2009-03-16', 'occaecati', '8', '4b3feda64fef168c6d5391b6ae03ef7a', '1975-10-20 13:13:41');
INSERT INTO `users` (`id`, `name`, `surname`, `email`, `phone`, `gender`, `birthday`, `hometown`, `photo_id`, `pass`, `created_at`) VALUES ('57', 'Queen', 'Greenholt', 'howard40@example.com', '337', 'm', '2018-04-05', 'id', '5', '2d06fe302f9574a2d98549b0916b1327', '1972-01-13 04:34:13');
INSERT INTO `users` (`id`, `name`, `surname`, `email`, `phone`, `gender`, `birthday`, `hometown`, `photo_id`, `pass`, `created_at`) VALUES ('58', 'Emmie', 'Altenwerth', 'rosina.bode@example.com', '3181673494', 'm', '1999-01-16', 'temporibus', '3', '0fd58cd48faca9a25e007e56ae344433', '2000-12-10 23:54:23');
INSERT INTO `users` (`id`, `name`, `surname`, `email`, `phone`, `gender`, `birthday`, `hometown`, `photo_id`, `pass`, `created_at`) VALUES ('59', 'Coralie', 'West', 'vesta27@example.org', '0', 'm', '1991-12-19', 'doloremque', '9', '1d25628457472061e4863a8a13243b27', '1987-05-16 12:31:40');
INSERT INTO `users` (`id`, `name`, `surname`, `email`, `phone`, `gender`, `birthday`, `hometown`, `photo_id`, `pass`, `created_at`) VALUES ('60', 'Edgardo', 'Casper', 'zbreitenberg@example.org', '434', 'f', '1993-07-29', 'corrupti', '7', '012a51c9aac3bdf7ab59026431be63d6', '2009-10-08 18:05:14');
INSERT INTO `users` (`id`, `name`, `surname`, `email`, `phone`, `gender`, `birthday`, `hometown`, `photo_id`, `pass`, `created_at`) VALUES ('61', 'Rowena', 'Stanton', 'eleanora68@example.org', '370554', 'm', '1973-09-05', 'nesciunt', '2', '9579519ef3374b59a4ca317ab4e95932', '1976-01-24 19:39:16');
INSERT INTO `users` (`id`, `name`, `surname`, `email`, `phone`, `gender`, `birthday`, `hometown`, `photo_id`, `pass`, `created_at`) VALUES ('62', 'Hulda', 'Strosin', 'euna.rempel@example.net', '988', 'm', '1985-01-14', 'placeat', '6', '78abdc6faa47178cbe9b22a8c951677f', '1979-01-22 22:52:18');
INSERT INTO `users` (`id`, `name`, `surname`, `email`, `phone`, `gender`, `birthday`, `hometown`, `photo_id`, `pass`, `created_at`) VALUES ('63', 'Roslyn', 'Predovic', 'rippin.arvid@example.org', '1', 'm', '1985-01-14', 'est', '8', '2b65400d3b641c4778086d7c3a65b6d0', '2004-12-03 22:46:53');
INSERT INTO `users` (`id`, `name`, `surname`, `email`, `phone`, `gender`, `birthday`, `hometown`, `photo_id`, `pass`, `created_at`) VALUES ('64', 'Gisselle', 'Boyle', 'murray.quentin@example.net', '0', 'f', '1977-10-17', 'excepturi', '1', '0855e2492cb65f485cb4d3cc3b8e640a', '1973-10-17 21:35:26');
INSERT INTO `users` (`id`, `name`, `surname`, `email`, `phone`, `gender`, `birthday`, `hometown`, `photo_id`, `pass`, `created_at`) VALUES ('65', 'Anastasia', 'Ortiz', 'tyra94@example.com', '710496', 'm', '1990-03-28', 'ullam', '9', '424fa7038d6d1ca7d4febda7e8a4638a', '1988-05-12 00:00:08');
INSERT INTO `users` (`id`, `name`, `surname`, `email`, `phone`, `gender`, `birthday`, `hometown`, `photo_id`, `pass`, `created_at`) VALUES ('66', 'Mike', 'Armstrong', 'emmerich.norval@example.org', '166', 'f', '1983-06-20', 'necessitatibus', '4', 'a888e58ff4c20a7b047138a9c2190d0f', '1995-01-14 20:52:57');
INSERT INTO `users` (`id`, `name`, `surname`, `email`, `phone`, `gender`, `birthday`, `hometown`, `photo_id`, `pass`, `created_at`) VALUES ('67', 'Lyla', 'Keebler', 'pnader@example.org', '417985960', 'f', '2008-11-07', 'enim', '1', '073395eb20f4f0d5ce8575883b8ec8be', '1977-01-26 15:53:15');
INSERT INTO `users` (`id`, `name`, `surname`, `email`, `phone`, `gender`, `birthday`, `hometown`, `photo_id`, `pass`, `created_at`) VALUES ('68', 'Royce', 'Boyle', 'jacynthe.boehm@example.org', '570', 'm', '2019-06-25', 'expedita', '7', '2e1f6275b4ed2943f0923416cb5c7f4a', '1990-07-26 15:00:56');
INSERT INTO `users` (`id`, `name`, `surname`, `email`, `phone`, `gender`, `birthday`, `hometown`, `photo_id`, `pass`, `created_at`) VALUES ('69', 'Rita', 'Treutel', 'skirlin@example.org', '460', 'm', '1974-01-30', 'eveniet', '4', 'e055b47906ef6aa7fe62504930b00adf', '1977-01-17 11:01:06');
INSERT INTO `users` (`id`, `name`, `surname`, `email`, `phone`, `gender`, `birthday`, `hometown`, `photo_id`, `pass`, `created_at`) VALUES ('70', 'Estella', 'Auer', 'jewell20@example.com', '0', 'f', '2018-12-02', 'ut', '6', '201478be3d42000a5e261242e5e5b6ac', '1974-05-21 05:26:26');
INSERT INTO `users` (`id`, `name`, `surname`, `email`, `phone`, `gender`, `birthday`, `hometown`, `photo_id`, `pass`, `created_at`) VALUES ('71', 'Geovanni', 'Schmidt', 'hilpert.maia@example.com', '7', 'f', '2020-02-17', 'est', '7', '41bd57c79bed7f34b13614a792a115f9', '2011-04-04 08:11:56');
INSERT INTO `users` (`id`, `name`, `surname`, `email`, `phone`, `gender`, `birthday`, `hometown`, `photo_id`, `pass`, `created_at`) VALUES ('72', 'Jazmin', 'Johnston', 'penelope.crooks@example.org', '1', 'm', '1994-11-03', 'rerum', '3', 'ce1140c17f9e13a0d6d78167ea92f7dd', '1970-04-05 18:59:53');
INSERT INTO `users` (`id`, `name`, `surname`, `email`, `phone`, `gender`, `birthday`, `hometown`, `photo_id`, `pass`, `created_at`) VALUES ('73', 'Karlie', 'Gorczany', 'dietrich.carmela@example.com', '808', 'm', '1989-09-06', 'non', '1', '3500c8f116bdb16b3511b94527ef3189', '1983-10-21 17:12:34');
INSERT INTO `users` (`id`, `name`, `surname`, `email`, `phone`, `gender`, `birthday`, `hometown`, `photo_id`, `pass`, `created_at`) VALUES ('74', 'June', 'Schowalter', 'garland65@example.com', '1', 'f', '1996-07-23', 'repellendus', '1', 'f26495262c573f885b7148c16fbdb8f5', '2004-10-25 07:32:22');
INSERT INTO `users` (`id`, `name`, `surname`, `email`, `phone`, `gender`, `birthday`, `hometown`, `photo_id`, `pass`, `created_at`) VALUES ('75', 'Danial', 'Langworth', 'borer.maximus@example.net', '125', 'm', '1996-05-20', 'facere', '9', 'df1094ea0057ba092e777f82ce6acb96', '1977-09-06 10:29:04');
INSERT INTO `users` (`id`, `name`, `surname`, `email`, `phone`, `gender`, `birthday`, `hometown`, `photo_id`, `pass`, `created_at`) VALUES ('76', 'Margarette', 'Robel', 'demario11@example.org', '9', 'f', '2013-12-12', 'molestias', '1', 'cf149539894cb35193c03a8f5263f041', '2020-06-13 22:32:26');
INSERT INTO `users` (`id`, `name`, `surname`, `email`, `phone`, `gender`, `birthday`, `hometown`, `photo_id`, `pass`, `created_at`) VALUES ('77', 'Carmella', 'Kshlerin', 'hester.turcotte@example.net', '1', 'f', '2011-01-16', 'impedit', '5', 'c2e59327f57f098d8c7c36ae769586ab', '2016-01-01 22:37:17');
INSERT INTO `users` (`id`, `name`, `surname`, `email`, `phone`, `gender`, `birthday`, `hometown`, `photo_id`, `pass`, `created_at`) VALUES ('78', 'Freddy', 'Stracke', 'tremayne04@example.net', '67', 'm', '2000-09-07', 'libero', '6', '6221c8d18a56c66b285d932e58718add', '1979-08-27 11:13:06');
INSERT INTO `users` (`id`, `name`, `surname`, `email`, `phone`, `gender`, `birthday`, `hometown`, `photo_id`, `pass`, `created_at`) VALUES ('79', 'Rosalinda', 'Dare', 'josiah70@example.com', '1', 'f', '1982-07-18', 'soluta', '3', '03eeb64564e5c75121075331aaff391b', '2019-12-01 11:38:40');
INSERT INTO `users` (`id`, `name`, `surname`, `email`, `phone`, `gender`, `birthday`, `hometown`, `photo_id`, `pass`, `created_at`) VALUES ('80', 'Jack', 'Schoen', 'lafayette44@example.org', '0', 'm', '1986-12-03', 'iste', '2', 'fd8e729e955f62960d906c20c0381469', '1998-08-30 16:56:58');
INSERT INTO `users` (`id`, `name`, `surname`, `email`, `phone`, `gender`, `birthday`, `hometown`, `photo_id`, `pass`, `created_at`) VALUES ('81', 'Paula', 'Grady', 'geo.sawayn@example.com', '1', 'f', '2011-03-09', 'ea', '3', '41944819153234b302a554ce22155e2b', '1990-05-10 20:52:14');
INSERT INTO `users` (`id`, `name`, `surname`, `email`, `phone`, `gender`, `birthday`, `hometown`, `photo_id`, `pass`, `created_at`) VALUES ('82', 'Buck', 'Wolf', 'riley82@example.com', '82680', 'm', '1983-06-05', 'deleniti', '4', '330d44a7274d0a92547c0e258fb89d2b', '2010-02-17 10:10:05');
INSERT INTO `users` (`id`, `name`, `surname`, `email`, `phone`, `gender`, `birthday`, `hometown`, `photo_id`, `pass`, `created_at`) VALUES ('83', 'Carter', 'Deckow', 'crooks.joe@example.net', '0', 'm', '1973-10-14', 'ut', '9', 'a41d4843844d0fa1f000a5c8243c4169', '2015-11-14 21:23:19');
INSERT INTO `users` (`id`, `name`, `surname`, `email`, `phone`, `gender`, `birthday`, `hometown`, `photo_id`, `pass`, `created_at`) VALUES ('84', 'Kelvin', 'Carter', 'tiana87@example.net', '24', 'f', '1996-09-07', 'enim', '6', '6624fa7b7958e0234528d22863e2a3ac', '1998-02-26 00:15:53');
INSERT INTO `users` (`id`, `name`, `surname`, `email`, `phone`, `gender`, `birthday`, `hometown`, `photo_id`, `pass`, `created_at`) VALUES ('85', 'Julio', 'Farrell', 'zfay@example.net', '1', 'm', '1972-11-06', 'quo', '4', 'd9705de874d551c1d68f5562fa30983b', '1980-01-04 10:35:04');
INSERT INTO `users` (`id`, `name`, `surname`, `email`, `phone`, `gender`, `birthday`, `hometown`, `photo_id`, `pass`, `created_at`) VALUES ('86', 'Janae', 'Hudson', 'swaniawski.gwendolyn@example.com', '0', 'f', '1978-06-23', 'eum', '6', 'fdbbce05b212a7b896ad52603a9b026d', '1987-09-01 12:48:11');
INSERT INTO `users` (`id`, `name`, `surname`, `email`, `phone`, `gender`, `birthday`, `hometown`, `photo_id`, `pass`, `created_at`) VALUES ('87', 'Fannie', 'Brakus', 'leanne.marks@example.net', '650369', 'f', '2013-07-10', 'et', '6', '8e0ce48e76f6fd6909aba5fc8d80538d', '2008-03-29 18:09:11');
INSERT INTO `users` (`id`, `name`, `surname`, `email`, `phone`, `gender`, `birthday`, `hometown`, `photo_id`, `pass`, `created_at`) VALUES ('88', 'Joannie', 'Yundt', 'pollich.maci@example.com', '1', 'm', '2000-12-15', 'aut', '9', '198d5139fdc608d83bb7e179b98ff162', '2020-08-02 09:09:12');
INSERT INTO `users` (`id`, `name`, `surname`, `email`, `phone`, `gender`, `birthday`, `hometown`, `photo_id`, `pass`, `created_at`) VALUES ('89', 'Letha', 'Gorczany', 'reanna31@example.com', '1', 'm', '1974-04-03', 'cupiditate', '3', 'e574fbcd7f748dd2795e5101911b00dd', '2009-11-04 11:12:21');
INSERT INTO `users` (`id`, `name`, `surname`, `email`, `phone`, `gender`, `birthday`, `hometown`, `photo_id`, `pass`, `created_at`) VALUES ('90', 'Myah', 'Deckow', 'fschamberger@example.com', '1', 'f', '1982-11-26', 'dolore', '4', '2c5992118072a7da028c9fe1b25b541f', '2008-05-30 16:35:47');
INSERT INTO `users` (`id`, `name`, `surname`, `email`, `phone`, `gender`, `birthday`, `hometown`, `photo_id`, `pass`, `created_at`) VALUES ('91', 'Norene', 'Terry', 'keeley04@example.net', '6524983949', 'm', '1998-06-29', 'quibusdam', '7', '922a122734859a5f427436b012a05525', '1993-08-17 05:52:17');
INSERT INTO `users` (`id`, `name`, `surname`, `email`, `phone`, `gender`, `birthday`, `hometown`, `photo_id`, `pass`, `created_at`) VALUES ('92', 'Christian', 'Orn', 'carmen91@example.com', '1', 'f', '1980-12-10', 'harum', '8', '021ea36ad6cfd2e6d2388d28655032ac', '1981-12-17 18:45:41');
INSERT INTO `users` (`id`, `name`, `surname`, `email`, `phone`, `gender`, `birthday`, `hometown`, `photo_id`, `pass`, `created_at`) VALUES ('93', 'Moshe', 'Pouros', 'paucek.ernestine@example.com', '0', 'f', '2020-04-17', 'esse', '5', '416c3d747f9f36173112245a242d330a', '1988-08-17 03:34:08');
INSERT INTO `users` (`id`, `name`, `surname`, `email`, `phone`, `gender`, `birthday`, `hometown`, `photo_id`, `pass`, `created_at`) VALUES ('94', 'Janick', 'Pouros', 'rodolfo80@example.net', '0', 'f', '1993-05-10', 'est', '4', '3b2594a7bcaa20070ee50b46e63a4a77', '1983-01-22 17:46:46');
INSERT INTO `users` (`id`, `name`, `surname`, `email`, `phone`, `gender`, `birthday`, `hometown`, `photo_id`, `pass`, `created_at`) VALUES ('95', 'Oscar', 'Buckridge', 'anthony.gislason@example.com', '244923', 'm', '2007-10-26', 'dolores', '2', 'ceced777bcbd0e465c9be8f74a6ccc4f', '1994-02-20 10:44:51');
INSERT INTO `users` (`id`, `name`, `surname`, `email`, `phone`, `gender`, `birthday`, `hometown`, `photo_id`, `pass`, `created_at`) VALUES ('96', 'Peter', 'Quigley', 'mgerlach@example.org', '991782', 'm', '1991-01-03', 'perferendis', '2', '041f0541ebc52051f0bd297b5dd31ae1', '1979-10-02 20:46:51');
INSERT INTO `users` (`id`, `name`, `surname`, `email`, `phone`, `gender`, `birthday`, `hometown`, `photo_id`, `pass`, `created_at`) VALUES ('97', 'Stephanie', 'Quitzon', 'sgerlach@example.com', '261998', 'f', '2007-12-07', 'incidunt', '3', '0483aa5891d1067156c65a18fd284171', '1980-06-29 00:02:59');
INSERT INTO `users` (`id`, `name`, `surname`, `email`, `phone`, `gender`, `birthday`, `hometown`, `photo_id`, `pass`, `created_at`) VALUES ('98', 'Ericka', 'Barrows', 'ybosco@example.net', '39', 'f', '1992-09-13', 'fugiat', '8', 'cc86d3032d8f344c797ec10fa32a3782', '1996-03-04 02:45:08');
INSERT INTO `users` (`id`, `name`, `surname`, `email`, `phone`, `gender`, `birthday`, `hometown`, `photo_id`, `pass`, `created_at`) VALUES ('99', 'Seth', 'Johnston', 'umurazik@example.com', '40107', 'm', '1982-11-21', 'qui', '7', '351b19a63a7b96b51a7dad94d53a66ff', '2000-11-17 17:10:17');
INSERT INTO `users` (`id`, `name`, `surname`, `email`, `phone`, `gender`, `birthday`, `hometown`, `photo_id`, `pass`, `created_at`) VALUES ('100', 'Reba', 'Rutherford', 'fstrosin@example.org', '875', 'f', '2016-01-19', 'sint', '1', '0833a091b1d0654fa5ecd611fbad46ca', '2005-10-28 09:54:21');


#
# TABLE STRUCTURE FOR: users_communities
#

DROP TABLE IF EXISTS `users_communities`;

CREATE TABLE `users_communities` (
  `user_id` bigint(20) unsigned NOT NULL,
  `community_id` bigint(20) unsigned NOT NULL,
  `is_admin` tinyint(1) DEFAULT 0,
  PRIMARY KEY (`user_id`,`community_id`),
  KEY `community_id` (`community_id`),
  CONSTRAINT `users_communities_ibfk_1` FOREIGN KEY (`user_id`) REFERENCES `users` (`id`),
  CONSTRAINT `users_communities_ibfk_2` FOREIGN KEY (`community_id`) REFERENCES `communities` (`id`)
) ENGINE=InnoDB DEFAULT CHARSET=utf8 COLLATE=utf8_unicode_ci;

INSERT INTO `users_communities` (`user_id`, `community_id`, `is_admin`) VALUES ('1', '65', 1);
INSERT INTO `users_communities` (`user_id`, `community_id`, `is_admin`) VALUES ('2', '84', 1);
INSERT INTO `users_communities` (`user_id`, `community_id`, `is_admin`) VALUES ('3', '75', 1);
INSERT INTO `users_communities` (`user_id`, `community_id`, `is_admin`) VALUES ('4', '69', 0);
INSERT INTO `users_communities` (`user_id`, `community_id`, `is_admin`) VALUES ('5', '43', 1);
INSERT INTO `users_communities` (`user_id`, `community_id`, `is_admin`) VALUES ('6', '49', 0);
INSERT INTO `users_communities` (`user_id`, `community_id`, `is_admin`) VALUES ('7', '33', 0);
INSERT INTO `users_communities` (`user_id`, `community_id`, `is_admin`) VALUES ('8', '88', 1);
INSERT INTO `users_communities` (`user_id`, `community_id`, `is_admin`) VALUES ('9', '35', 0);
INSERT INTO `users_communities` (`user_id`, `community_id`, `is_admin`) VALUES ('10', '77', 0);
INSERT INTO `users_communities` (`user_id`, `community_id`, `is_admin`) VALUES ('11', '29', 0);
INSERT INTO `users_communities` (`user_id`, `community_id`, `is_admin`) VALUES ('12', '84', 1);
INSERT INTO `users_communities` (`user_id`, `community_id`, `is_admin`) VALUES ('13', '42', 1);
INSERT INTO `users_communities` (`user_id`, `community_id`, `is_admin`) VALUES ('14', '15', 0);
INSERT INTO `users_communities` (`user_id`, `community_id`, `is_admin`) VALUES ('15', '82', 1);
INSERT INTO `users_communities` (`user_id`, `community_id`, `is_admin`) VALUES ('16', '4', 0);
INSERT INTO `users_communities` (`user_id`, `community_id`, `is_admin`) VALUES ('17', '25', 1);
INSERT INTO `users_communities` (`user_id`, `community_id`, `is_admin`) VALUES ('18', '26', 1);
INSERT INTO `users_communities` (`user_id`, `community_id`, `is_admin`) VALUES ('19', '100', 0);
INSERT INTO `users_communities` (`user_id`, `community_id`, `is_admin`) VALUES ('20', '69', 0);
INSERT INTO `users_communities` (`user_id`, `community_id`, `is_admin`) VALUES ('21', '90', 1);
INSERT INTO `users_communities` (`user_id`, `community_id`, `is_admin`) VALUES ('22', '9', 1);
INSERT INTO `users_communities` (`user_id`, `community_id`, `is_admin`) VALUES ('23', '65', 1);
INSERT INTO `users_communities` (`user_id`, `community_id`, `is_admin`) VALUES ('24', '43', 0);
INSERT INTO `users_communities` (`user_id`, `community_id`, `is_admin`) VALUES ('25', '53', 1);
INSERT INTO `users_communities` (`user_id`, `community_id`, `is_admin`) VALUES ('26', '30', 0);
INSERT INTO `users_communities` (`user_id`, `community_id`, `is_admin`) VALUES ('27', '72', 0);
INSERT INTO `users_communities` (`user_id`, `community_id`, `is_admin`) VALUES ('28', '84', 0);
INSERT INTO `users_communities` (`user_id`, `community_id`, `is_admin`) VALUES ('29', '85', 1);
INSERT INTO `users_communities` (`user_id`, `community_id`, `is_admin`) VALUES ('30', '71', 1);
INSERT INTO `users_communities` (`user_id`, `community_id`, `is_admin`) VALUES ('31', '9', 0);
INSERT INTO `users_communities` (`user_id`, `community_id`, `is_admin`) VALUES ('32', '50', 0);
INSERT INTO `users_communities` (`user_id`, `community_id`, `is_admin`) VALUES ('33', '54', 0);
INSERT INTO `users_communities` (`user_id`, `community_id`, `is_admin`) VALUES ('34', '84', 0);
INSERT INTO `users_communities` (`user_id`, `community_id`, `is_admin`) VALUES ('35', '18', 1);
INSERT INTO `users_communities` (`user_id`, `community_id`, `is_admin`) VALUES ('36', '97', 0);
INSERT INTO `users_communities` (`user_id`, `community_id`, `is_admin`) VALUES ('37', '32', 1);
INSERT INTO `users_communities` (`user_id`, `community_id`, `is_admin`) VALUES ('38', '50', 1);
INSERT INTO `users_communities` (`user_id`, `community_id`, `is_admin`) VALUES ('39', '84', 1);
INSERT INTO `users_communities` (`user_id`, `community_id`, `is_admin`) VALUES ('40', '67', 1);
INSERT INTO `users_communities` (`user_id`, `community_id`, `is_admin`) VALUES ('41', '27', 1);
INSERT INTO `users_communities` (`user_id`, `community_id`, `is_admin`) VALUES ('42', '13', 0);
INSERT INTO `users_communities` (`user_id`, `community_id`, `is_admin`) VALUES ('43', '50', 0);
INSERT INTO `users_communities` (`user_id`, `community_id`, `is_admin`) VALUES ('44', '68', 0);
INSERT INTO `users_communities` (`user_id`, `community_id`, `is_admin`) VALUES ('45', '28', 1);
INSERT INTO `users_communities` (`user_id`, `community_id`, `is_admin`) VALUES ('46', '32', 1);
INSERT INTO `users_communities` (`user_id`, `community_id`, `is_admin`) VALUES ('47', '72', 0);
INSERT INTO `users_communities` (`user_id`, `community_id`, `is_admin`) VALUES ('48', '53', 0);
INSERT INTO `users_communities` (`user_id`, `community_id`, `is_admin`) VALUES ('49', '58', 0);
INSERT INTO `users_communities` (`user_id`, `community_id`, `is_admin`) VALUES ('50', '72', 1);
INSERT INTO `users_communities` (`user_id`, `community_id`, `is_admin`) VALUES ('51', '21', 0);
INSERT INTO `users_communities` (`user_id`, `community_id`, `is_admin`) VALUES ('52', '48', 1);
INSERT INTO `users_communities` (`user_id`, `community_id`, `is_admin`) VALUES ('53', '81', 1);
INSERT INTO `users_communities` (`user_id`, `community_id`, `is_admin`) VALUES ('54', '85', 1);
INSERT INTO `users_communities` (`user_id`, `community_id`, `is_admin`) VALUES ('55', '90', 1);
INSERT INTO `users_communities` (`user_id`, `community_id`, `is_admin`) VALUES ('56', '33', 0);
INSERT INTO `users_communities` (`user_id`, `community_id`, `is_admin`) VALUES ('57', '14', 0);
INSERT INTO `users_communities` (`user_id`, `community_id`, `is_admin`) VALUES ('58', '61', 1);
INSERT INTO `users_communities` (`user_id`, `community_id`, `is_admin`) VALUES ('59', '17', 1);
INSERT INTO `users_communities` (`user_id`, `community_id`, `is_admin`) VALUES ('60', '99', 0);
INSERT INTO `users_communities` (`user_id`, `community_id`, `is_admin`) VALUES ('61', '32', 0);
INSERT INTO `users_communities` (`user_id`, `community_id`, `is_admin`) VALUES ('62', '25', 0);
INSERT INTO `users_communities` (`user_id`, `community_id`, `is_admin`) VALUES ('63', '48', 0);
INSERT INTO `users_communities` (`user_id`, `community_id`, `is_admin`) VALUES ('64', '85', 1);
INSERT INTO `users_communities` (`user_id`, `community_id`, `is_admin`) VALUES ('65', '8', 1);
INSERT INTO `users_communities` (`user_id`, `community_id`, `is_admin`) VALUES ('66', '66', 1);
INSERT INTO `users_communities` (`user_id`, `community_id`, `is_admin`) VALUES ('67', '81', 0);
INSERT INTO `users_communities` (`user_id`, `community_id`, `is_admin`) VALUES ('68', '40', 0);
INSERT INTO `users_communities` (`user_id`, `community_id`, `is_admin`) VALUES ('69', '16', 1);
INSERT INTO `users_communities` (`user_id`, `community_id`, `is_admin`) VALUES ('70', '65', 0);
INSERT INTO `users_communities` (`user_id`, `community_id`, `is_admin`) VALUES ('71', '6', 1);
INSERT INTO `users_communities` (`user_id`, `community_id`, `is_admin`) VALUES ('72', '42', 1);
INSERT INTO `users_communities` (`user_id`, `community_id`, `is_admin`) VALUES ('73', '77', 0);
INSERT INTO `users_communities` (`user_id`, `community_id`, `is_admin`) VALUES ('74', '55', 1);
INSERT INTO `users_communities` (`user_id`, `community_id`, `is_admin`) VALUES ('75', '10', 0);
INSERT INTO `users_communities` (`user_id`, `community_id`, `is_admin`) VALUES ('76', '5', 1);
INSERT INTO `users_communities` (`user_id`, `community_id`, `is_admin`) VALUES ('77', '87', 1);
INSERT INTO `users_communities` (`user_id`, `community_id`, `is_admin`) VALUES ('78', '82', 0);
INSERT INTO `users_communities` (`user_id`, `community_id`, `is_admin`) VALUES ('79', '57', 0);
INSERT INTO `users_communities` (`user_id`, `community_id`, `is_admin`) VALUES ('80', '44', 0);
INSERT INTO `users_communities` (`user_id`, `community_id`, `is_admin`) VALUES ('81', '53', 0);
INSERT INTO `users_communities` (`user_id`, `community_id`, `is_admin`) VALUES ('82', '77', 0);
INSERT INTO `users_communities` (`user_id`, `community_id`, `is_admin`) VALUES ('83', '91', 1);
INSERT INTO `users_communities` (`user_id`, `community_id`, `is_admin`) VALUES ('84', '34', 0);
INSERT INTO `users_communities` (`user_id`, `community_id`, `is_admin`) VALUES ('85', '61', 1);
INSERT INTO `users_communities` (`user_id`, `community_id`, `is_admin`) VALUES ('86', '80', 1);
INSERT INTO `users_communities` (`user_id`, `community_id`, `is_admin`) VALUES ('87', '66', 1);
INSERT INTO `users_communities` (`user_id`, `community_id`, `is_admin`) VALUES ('88', '75', 1);
INSERT INTO `users_communities` (`user_id`, `community_id`, `is_admin`) VALUES ('89', '41', 0);
INSERT INTO `users_communities` (`user_id`, `community_id`, `is_admin`) VALUES ('90', '83', 1);
INSERT INTO `users_communities` (`user_id`, `community_id`, `is_admin`) VALUES ('91', '73', 1);
INSERT INTO `users_communities` (`user_id`, `community_id`, `is_admin`) VALUES ('92', '72', 0);
INSERT INTO `users_communities` (`user_id`, `community_id`, `is_admin`) VALUES ('93', '7', 1);
INSERT INTO `users_communities` (`user_id`, `community_id`, `is_admin`) VALUES ('94', '21', 0);
INSERT INTO `users_communities` (`user_id`, `community_id`, `is_admin`) VALUES ('95', '56', 0);
INSERT INTO `users_communities` (`user_id`, `community_id`, `is_admin`) VALUES ('96', '15', 1);
INSERT INTO `users_communities` (`user_id`, `community_id`, `is_admin`) VALUES ('97', '86', 0);
INSERT INTO `users_communities` (`user_id`, `community_id`, `is_admin`) VALUES ('98', '37', 1);
INSERT INTO `users_communities` (`user_id`, `community_id`, `is_admin`) VALUES ('99', '54', 0);
INSERT INTO `users_communities` (`user_id`, `community_id`, `is_admin`) VALUES ('100', '1', 1);


